Country,Year,Country,Intensity,Coal (GWh),Oil (GWh),Natural Gas (GWh),Biofuels (GWh),Waste (GWh),Nuclear (GWh),Hydro (GWh),Solar (GWh),Wind (GWh),Geothermal (GWh),Other (GWh),Tidal (GWh),Solar Thermal (GWh)
Austria,1990,Austria,233,7006,1880,7721,1116,64,0,32507,0,0,0,0,0,0
Austria,1991,Austria,242,7786,2230,7467,1193,62,0,32745,0,0,0,0,0,0
Austria,1992,Austria,183,5091,1989,6638,1292,81,0,36099,0,0,0,0,0,0
Austria,1993,Austria,174,3740,2731,6790,1330,73,0,37756,1,0,0,0,0,0
Austria,1994,Austria,190,3908,2605,8643,1173,73,0,36729,1,0,0,0,0,0
Austria,1995,Austria,203,5173,2117,8912,1820,87,0,38114,1,1,0,0,0,0
Austria,1996,Austria,208,6215,1929,9405,1555,248,0,35522,1,5,0,0,0,0
Austria,1997,Austria,186,6857,2391,8466,1680,164,0,37124,1,20,0,0,0,0
Austria,1998,Austria,160,5132,2785,8867,1807,109,0,38254,1,45,0,0,0,0
Austria,1999,Austria,164,5455,2657,9290,1566,196,0,41727,1,51,0,0,0,0
Austria,2000,Austria,156,6739,1702,7851,1497,160,0,43219,3,67,19,0,0,0
Austria,2001,Austria,163,8033,1818,8746,1634,254,0,41837,5,105,17,0,0,0
Austria,2002,Austria,152,7817,1448,9305,1484,255,0,42020,9,140,18,3,0,0
Austria,2003,Austria,204,9512,1861,11164,1571,367,0,35292,15,372,17,3,0,0
Austria,2004,Austria,185,9109,1820,10953,1779,556,0,38966,18,934,15,2,0,0
Austria,2005,Austria,179,8488,1642,13028,2295,585,0,39438,21,1331,3,2,0,0
Austria,2006,Austria,174,8750,1644,10668,3024,765,0,38056,22,1753,17,3,0,0
Austria,2007,Austria,160,7975,1285,9903,3837,803,0,39200,24,2037,18,2,0,0
Austria,2008,Austria,146,6952,1245,11181,3954,792,0,40666,30,2011,18,2,0,0
Austria,2009,Austria,131,5033,1136,12343,4062,822,0,43669,49,1954,17,2,0,0
Austria,2010,Austria,153,6704,1274,14351,4267,802,0,41558,89,2064,18,1,0,0
Austria,2011,Austria,160,7335,1015,12437,4348,775,0,37780,174,1936,11,1,0,0
Austria,2012,Austria,116,6226,744,9712,4440,927,0,47742,337,2463,11,1,0,0
Austria,2013,Austria,106,6125,695,6650,4441,874,0,45778,626,3152,14,0,0,0
Austria,2014,Austria,92,4869,665,5321,4217,889,0,44834,785,3846,13,0,0,0
Austria,2015,Austria,107,5061,863,7664,4345,983,0,40592,937,4840,15,0,0,0
Austria,2016,Austria,94,3970,1000,8488,4450,1046,0,43008,1096,5235,15,0,0,0
Austria,2017,Austria,103,3914,853,10914,4605,1010,0,42175,1269,6572,13,0,0,0
Austria,2018,Austria,100,3620,716,9918,4594,1052,0,41219,1455,6030,13,0,0,0
Austria,2019,Austria,92,3414,693,11569,4388,1146,0,43833,1702,7477,13,0,0,0
Austria,2020,Austria,78,2356,726,9955,4263,1068,0,45344,2043,6792,10,0,0,0
Belgium,1990,Belgium,353,19855,1314,5405,142,581,42722,897,0,7,0,0,0,0
Belgium,1991,Belgium,356,19239,1826,6216,141,666,42861,979,0,8,0,0,0,0
Belgium,1992,Belgium,343,18524,1543,6668,94,775,43456,1156,0,9,0,0,0,0
Belgium,1993,Belgium,350,18718,1475,6812,60,814,41927,1020,0,8,0,0,0,0
Belgium,1994,Belgium,360,19586,1618,8275,63,820,40624,1184,0,9,0,0,0,0
Belgium,1995,Belgium,347,19277,1313,10181,134,908,41356,1230,0,9,0,0,0,0
Belgium,1996,Belgium,320,18206,1290,11010,117,932,43336,1200,0,8,0,0,0,0
Belgium,1997,Belgium,291,16282,1422,11537,92,807,47408,1277,0,8,0,0,0,0
Belgium,1998,Belgium,312,16890,2580,15036,153,851,46165,1497,0,11,0,0,0,0
Belgium,1999,Belgium,259,12528,1035,19231,274,927,49017,1489,0,13,0,0,0,0
Belgium,2000,Belgium,267,16030,797,15977,262,1074,48157,1699,0,16,0,0,0,0
Belgium,2001,Belgium,251,12764,1664,15780,300,1283,46349,1644,0,37,0,0,0,0
Belgium,2002,Belgium,259,12660,972,17868,408,1254,47360,1490,0,57,0,0,0,0
Belgium,2003,Belgium,174,11608,1007,21609,551,1072,47379,1316,0,88,0,0,0,0
Belgium,2004,Belgium,189,11481,1676,21477,745,1202,47312,1607,1,142,0,0,0,0
Belgium,2005,Belgium,185,10493,1740,22849,1264,986,47595,1604,1,227,0,226,0,0
Belgium,2006,Belgium,146,9216,1377,23022,1906,1199,46645,1628,2,336,0,256,0,0
Belgium,2007,Belgium,240,8329,813,25386,2303,1338,48227,1683,6,491,0,246,0,0
Belgium,2008,Belgium,230,7235,406,24646,2959,1434,45568,1757,42,637,0,246,0,0
Belgium,2009,Belgium,211,6157,280,29310,3486,1776,47222,1757,166,996,0,85,0,0
Belgium,2010,Belgium,162,5955,406,32157,3813,1836,47944,1668,560,1292,0,266,0,0
Belgium,2011,Belgium,186,5447,290,25432,3923,2060,48234,1423,1169,2312,0,142,0,0
Belgium,2012,Belgium,146,5465,333,23571,4498,2014,40295,1659,2148,2751,0,299,0,0
Belgium,2013,Belgium,74,5159,270,20802,4255,1927,42644,1704,2644,3665,0,426,0,0
Belgium,2014,Belgium,166,4261,217,19340,3593,2139,33703,1465,2886,4615,0,427,0,0
Belgium,2015,Belgium,134,4111,209,22026,4637,2222,26103,1418,3056,5574,0,469,0,0
Belgium,2016,Belgium,162,2640,198,22114,4496,2297,43523,1489,3095,5438,0,524,0,0
Belgium,2017,Belgium,170,2425,176,23019,4790,2370,42227,1397,3308,6514,0,551,0,0
Belgium,2018,Belgium,199,2345,161,23985,4503,2325,28597,1329,3903,7465,0,487,0,0
Belgium,2019,Belgium,170,2516,71,25514,4310,2222,43524,1181,4247,9726,0,436,0,0
Belgium,2020,Belgium,167,1834,88,26521,4324,2229,34435,1319,4972,12781,0,321,0,0
Bulgaria,1990,Bulgaria,661,21180,1230,3188,0,0,14665,1878,0,0,0,0,0,0
Bulgaria,1991,Bulgaria,449,21000,1352,2885,0,0,13184,2441,0,0,0,0,0,0
Bulgaria,1992,Bulgaria,630,18016,1213,2766,0,0,11552,2063,0,0,0,0,0,0
Bulgaria,1993,Bulgaria,696,17398,1644,3040,0,0,13973,1942,0,0,0,0,0,0
Bulgaria,1994,Bulgaria,607,17148,1626,2556,0,0,15335,1468,0,0,0,0,0,0
Bulgaria,1995,Bulgaria,570,17561,1443,3210,0,0,17261,2314,0,0,0,0,0,0
Bulgaria,1996,Bulgaria,541,17397,1335,2983,0,0,18028,2919,0,0,0,0,0,0
Bulgaria,1997,Bulgaria,552,19307,926,1883,0,0,17751,2936,0,0,0,0,0,0
Bulgaria,1998,Bulgaria,566,18567,905,2013,0,2,16899,3325,0,0,0,0,0,0
Bulgaria,1999,Bulgaria,516,16486,927,2010,0,29,15814,2982,0,0,0,0,0,0
Bulgaria,2000,Bulgaria,485,17207,661,1912,0,15,18178,2951,0,0,0,0,0,0
Bulgaria,2001,Bulgaria,532,19757,579,1908,0,0,19553,2171,0,0,0,0,0,0
Bulgaria,2002,Bulgaria,491,17373,830,1539,0,11,20222,2704,0,0,0,0,0,0
Bulgaria,2003,Bulgaria,533,19462,789,1762,0,6,17280,3301,0,0,0,0,0,0
Bulgaria,2004,Bulgaria,540,19107,822,1494,0,19,16815,3363,1,0,0,0,0,0
Bulgaria,2005,Bulgaria,497,18625,606,1729,0,17,18653,4730,5,0,0,0,0,0
Bulgaria,2006,Bulgaria,485,19206,379,2159,0,7,19493,4759,20,0,0,0,0,0
Bulgaria,2007,Bulgaria,608,22463,568,2336,0,6,14643,3234,47,0,0,0,0,0
Bulgaria,2008,Bulgaria,572,23220,277,2360,16,0,15765,3277,122,0,0,0,0,0
Bulgaria,2009,Bulgaria,533,21103,328,1961,8,0,15256,4053,237,3,0,15,0,0
Bulgaria,2010,Bulgaria,534,22606,393,1967,35,0,15249,5693,681,15,0,14,0,0
Bulgaria,2011,Bulgaria,587,27537,137,2077,56,0,16314,3691,861,101,0,23,0,0
Bulgaria,2012,Bulgaria,528,22876,220,2356,66,0,15785,3976,1221,814,0,15,0,0
Bulgaria,2013,Bulgaria,485,19392,226,2339,110,0,14171,4795,1374,1361,0,16,0,0
Bulgaria,2014,Bulgaria,479,21305,211,2142,200,0,15867,5163,1331,1252,0,14,0,0
Bulgaria,2015,Bulgaria,487,22522,182,1864,272,0,15383,6147,1452,1383,0,23,0,0
Bulgaria,2016,Bulgaria,467,19364,318,2053,353,0,15776,4568,1425,1386,0,34,0,0
Bulgaria,2017,Bulgaria,499,20914,401,1922,396,0,15545,3493,1504,1403,0,34,0,0
Bulgaria,2018,Bulgaria,427,18659,338,2017,1492,100,16125,5423,1318,1343,0,22,0,0
Bulgaria,2019,Bulgaria,426,17225,371,2146,1777,55,16555,3383,1317,1442,0,31,0,0
Bulgaria,2020,Bulgaria,362,13530,304,2284,1679,5,16626,3320,1477,1473,0,36,0,0
Croatia,1990,Croatia,333,673,2897,1364,11,0,0,3928,0,0,0,0,0,0
Croatia,1991,Croatia,198,422,1890,738,10,0,0,5545,0,0,0,0,0,0
Croatia,1992,Croatia,297,700,2480,1367,6,0,0,4349,0,0,0,0,0,0
Croatia,1993,Croatia,329,463,2712,1820,19,0,0,4550,0,0,0,0,0,0
Croatia,1994,Croatia,221,101,1398,1833,6,0,0,5435,0,0,0,0,0,0
Croatia,1995,Croatia,256,242,2459,883,9,0,0,5683,0,0,0,0,0,0
Croatia,1996,Croatia,198,120,1872,1309,9,0,0,7863,0,0,0,0,0,0
Croatia,1997,Croatia,281,511,2701,1171,1,0,0,5864,0,0,0,0,0,0
Croatia,1998,Croatia,315,538,3547,1338,9,0,0,6030,0,0,0,0,0,0
Croatia,1999,Croatia,277,516,3891,1234,9,0,0,7329,0,0,0,0,0,0
Croatia,2000,Croatia,278,1551,1687,1571,1,0,0,6471,0,0,0,0,0,0
Croatia,2001,Croatia,296,1638,2133,1819,0,0,0,7219,0,0,0,0,0,0
Croatia,2002,Croatia,353,2109,2218,2527,0,0,0,5918,0,0,0,0,0,0
Croatia,2003,Croatia,384,2404,3269,2061,0,0,0,5518,0,0,0,0,0,0
Croatia,2004,Croatia,279,2139,1666,2459,4,0,0,7720,0,2,0,0,0,0
Croatia,2005,Croatia,294,2328,1855,1814,14,0,0,7141,0,10,0,0,0,0
Croatia,2006,Croatia,304,2257,1961,2058,11,0,0,6741,0,19,0,0,0,0
Croatia,2007,Croatia,389,2423,2315,3064,8,0,0,4864,0,35,0,0,0,0
Croatia,2008,Croatia,336,2495,1985,2459,21,0,0,5891,0,40,0,0,0,0
Croatia,2009,Croatia,263,1658,2013,2211,25,0,0,7494,0,54,0,0,0,0
Croatia,2010,Croatia,204,2385,560,2553,33,0,0,9232,0,139,0,0,0,0
Croatia,2011,Croatia,295,2582,752,2621,55,0,0,5162,0,201,0,0,0,0
Croatia,2012,Croatia,280,2238,582,2511,94,0,0,4999,2,329,0,0,0,0
Croatia,2013,Croatia,198,2421,230,2021,125,0,0,8727,11,517,0,0,0,0
Croatia,2014,Croatia,168,2368,129,1002,165,0,0,9125,35,730,0,0,0,0
Croatia,2015,Croatia,203,2310,221,1197,266,0,0,6556,57,796,0,0,0,0
Croatia,2016,Croatia,204,2596,69,1586,431,0,0,7058,66,1014,0,0,0,0
Croatia,2017,Croatia,188,1367,210,3090,526,0,0,5508,79,1204,0,0,0,0
Croatia,2018,Croatia,130,1453,69,2245,668,0,0,7785,75,1335,2,0,0,0
Croatia,2019,Croatia,163,1639,38,2629,878,0,0,5933,83,1467,92,0,0,0
Croatia,2020,Croatia,155,1222,35,3424,988,0,0,5810,96,1721,94,0,0,0
Cyprus,1990,Cyprus,852,0,1974,0,0,0,0,0,0,0,0,0,0,0
Cyprus,1991,Cyprus,840,0,2077,0,0,0,0,0,0,0,0,0,0,0
Cyprus,1992,Cyprus,839,0,2430,0,0,0,0,0,0,0,0,0,0,0
Cyprus,1993,Cyprus,839,0,2590,0,0,0,0,0,0,0,0,0,0,0
Cyprus,1994,Cyprus,844,0,2685,0,0,0,0,0,0,0,0,0,0,0
Cyprus,1995,Cyprus,834,0,2497,0,0,0,0,0,0,0,0,0,0,0
Cyprus,1996,Cyprus,845,0,2609,0,0,0,0,0,0,0,0,0,0,0
Cyprus,1997,Cyprus,854,0,2728,0,0,0,0,0,0,0,0,0,0,0
Cyprus,1998,Cyprus,856,0,2991,0,0,0,0,0,0,0,0,0,0,0
Cyprus,1999,Cyprus,869,0,3139,0,0,0,0,0,0,0,0,0,0,0
Cyprus,2000,Cyprus,849,0,3370,0,0,0,0,0,0,0,0,0,0,0
Cyprus,2001,Cyprus,787,0,3551,0,0,0,0,0,0,0,0,0,0,0
Cyprus,2002,Cyprus,767,0,3785,0,0,0,0,0,0,0,0,0,0,0
Cyprus,2003,Cyprus,774,0,4052,0,0,0,0,0,0,0,0,0,0,0
Cyprus,2004,Cyprus,782,0,4201,0,0,0,0,0,0,0,0,0,0,0
Cyprus,2005,Cyprus,800,0,4376,0,0,0,0,0,1,0,0,0,0,0
Cyprus,2006,Cyprus,793,0,4651,0,0,0,0,0,1,0,0,0,0,0
Cyprus,2007,Cyprus,796,0,4868,0,1,0,0,0,2,0,0,0,0,0
Cyprus,2008,Cyprus,793,0,5064,0,12,0,0,0,3,0,0,0,0,0
Cyprus,2009,Cyprus,776,0,5184,0,27,0,0,0,4,0,0,0,0,0
Cyprus,2010,Cyprus,735,0,5429,0,35,0,0,0,6,32,0,0,0,0
Cyprus,2011,Cyprus,759,0,4751,0,52,0,0,0,12,115,0,0,0,0
Cyprus,2012,Cyprus,757,0,4460,0,50,0,0,0,22,185,0,0,0,0
Cyprus,2013,Cyprus,666,0,3963,0,49,0,0,0,47,231,0,0,0,0
Cyprus,2014,Cyprus,682,0,4033,0,51,0,0,0,84,183,0,0,0,0
Cyprus,2015,Cyprus,670,0,4135,0,51,0,0,0,127,222,0,0,0,0
Cyprus,2016,Cyprus,679,0,4463,0,52,0,0,0,146,227,0,0,0,0
Cyprus,2017,Cyprus,661,0,4569,0,52,0,0,0,172,211,0,0,0,0
Cyprus,2018,Cyprus,664,0,4583,0,57,0,0,0,199,221,0,0,0,0
Cyprus,2019,Cyprus,642,0,4627,0,58,0,0,0,218,239,0,0,0,0
Cyprus,2020,Cyprus,623,0,4253,0,61,0,0,0,326,240,0,0,0,0
Czech Republic,1990,Czech Republic,727,47600,540,385,0,0,12585,1449,0,0,0,0,0,0
Czech Republic,1991,Czech Republic,721,46165,531,381,0,0,12132,1319,0,0,0,0,0,0
Czech Republic,1992,Czech Republic,707,44494,526,385,0,0,12250,1638,0,0,0,0,0,0
Czech Republic,1993,Czech Republic,743,43725,374,398,161,0,12627,1596,0,0,0,0,0,0
Czech Republic,1994,Czech Republic,757,42754,491,386,321,0,12977,1776,0,0,0,0,0,0
Czech Republic,1995,Czech Republic,763,44865,594,479,405,0,12230,2274,0,0,0,0,0,0
Czech Republic,1996,Czech Republic,769,46946,730,1036,292,0,12850,2403,0,0,0,0,0,0
Czech Republic,1997,Czech Republic,717,44749,630,1151,494,0,12494,2080,0,0,0,0,0,0
Czech Republic,1998,Czech Republic,729,47553,616,1294,587,0,13178,1884,0,0,0,0,0,0
Czech Republic,1999,Czech Republic,664,46289,427,1728,676,1,13357,2216,0,0,0,0,0,0
Czech Republic,2000,Czech Republic,687,54968,372,1691,517,14,13590,2313,0,1,0,0,0,0
Czech Republic,2001,Czech Republic,688,54937,386,1580,514,14,14749,2467,0,0,0,0,0,0
Czech Republic,2002,Czech Republic,660,52263,384,1605,494,17,18738,2845,0,2,0,0,0,0
Czech Republic,2003,Czech Republic,595,53106,368,1584,481,17,25872,1794,0,5,0,0,0,0
Czech Republic,2004,Czech Republic,576,52825,348,1543,702,17,26325,2562,0,10,0,1,0,0
Czech Republic,2005,Czech Republic,606,52267,326,1470,720,18,24728,3027,0,21,0,1,0,0
Czech Republic,2006,Czech Republic,599,52255,258,1567,908,19,26046,3257,1,49,0,1,0,0
Czech Republic,2007,Czech Republic,607,56687,115,1370,1183,20,26172,2523,2,125,0,1,0,0
Czech Republic,2008,Czech Republic,595,51852,131,1018,1438,22,26551,2376,13,245,0,1,0,0
Czech Republic,2009,Czech Republic,568,48629,156,975,1837,21,27208,2982,89,288,0,0,0,0
Czech Republic,2010,Czech Republic,557,49739,199,1362,2127,62,27998,3380,616,335,0,85,0,0
Czech Republic,2011,Czech Republic,547,49523,174,1397,2616,157,28283,2664,2182,397,0,54,0,0
Czech Republic,2012,Czech Republic,510,46567,113,1479,3285,151,30324,2860,2149,416,0,74,0,0
Czech Republic,2013,Czech Republic,478,43711,79,2025,3877,148,30745,3639,2033,481,0,75,0,0
Czech Republic,2014,Czech Republic,481,43531,105,1806,4575,157,30325,2961,2123,477,0,88,0,0
Czech Republic,2015,Czech Republic,493,43837,94,2264,4703,165,26841,3071,2264,573,0,80,0,0
Czech Republic,2016,Czech Republic,503,44641,92,3710,4657,179,24104,3202,2131,497,0,96,0,0
Czech Republic,2017,Czech Republic,473,43925,119,3679,4853,206,28340,3040,2193,591,0,103,0,0
Czech Republic,2018,Czech Republic,465,43571,108,3750,4728,181,29921,2679,2359,609,0,125,0,0
Czech Republic,2019,Czech Republic,433,39449,118,5791,4927,190,30246,3175,2312,700,0,124,0,0
Czech Republic,2020,Czech Republic,390,32686,84,6834,5094,213,30043,3437,2235,699,0,118,0,0
Denmark,1990,Denmark,686,23558,882,694,148,62,0,28,0,610,0,0,0,0
Denmark,1991,Denmark,707,33445,1150,829,183,173,0,25,0,740,0,0,0,0
Denmark,1992,Denmark,687,26957,1234,1081,241,282,0,28,0,915,0,0,0,0
Denmark,1993,Denmark,656,29327,1266,1589,289,441,0,28,0,1034,0,0,0,0
Denmark,1994,Denmark,648,33290,3033,2280,289,516,0,33,0,1137,0,23,0,0
Denmark,1995,Denmark,618,27356,3625,3635,319,594,0,30,0,1117,0,34,0,0
Denmark,1996,Denmark,638,39665,5784,5679,416,758,0,19,0,1227,0,39,0,0
Denmark,1997,Denmark,586,28756,5427,6780,508,852,0,19,0,1934,0,38,0,0
Denmark,1998,Denmark,549,23653,4977,8128,598,872,0,27,0,2820,0,38,0,0
Denmark,1999,Denmark,509,20081,4844,9056,728,1072,0,31,1,3029,0,39,0,0
Denmark,2000,Denmark,463,16673,4439,8874,620,1236,0,30,1,4241,0,16,0,0
Denmark,2001,Denmark,468,17819,4184,9273,789,1313,0,28,1,4306,0,13,0,0
Denmark,2002,Denmark,460,18257,4015,9590,1118,1384,0,32,1,4877,0,19,0,0
Denmark,2003,Denmark,497,25307,2349,9764,1677,1486,0,21,2,5561,0,11,0,0
Denmark,2004,Denmark,430,18673,1638,9941,2115,1440,0,27,2,6583,0,0,0,0
Denmark,2005,Denmark,385,15463,1375,8780,2175,1814,0,23,2,6614,0,0,0,0
Denmark,2006,Denmark,481,24566,1619,9401,2062,1830,0,23,2,6108,0,0,0,0
Denmark,2007,Denmark,445,19891,1288,7037,2132,1767,0,28,2,7171,0,0,0,0
Denmark,2008,Denmark,417,17462,1121,7082,2094,1900,0,26,3,6928,0,0,0,0
Denmark,2009,Denmark,418,17687,1170,6671,2350,1762,0,19,4,6721,0,0,0,0
Denmark,2010,Denmark,373,17006,774,7906,3680,1660,0,21,6,7809,0,0,0,0
Denmark,2011,Denmark,336,13976,453,5841,3424,1729,0,17,15,9774,0,0,0,0
Denmark,2012,Denmark,282,10539,403,4192,3554,1622,0,17,104,10270,0,0,0,0
Denmark,2013,Denmark,317,14292,351,3417,3440,1589,0,13,518,11123,0,0,0,0
Denmark,2014,Denmark,277,11064,316,2096,3409,1609,0,15,596,13079,0,0,0,0
Denmark,2015,Denmark,204,7110,318,1824,3263,1670,0,18,604,14133,0,0,0,0
Denmark,2016,Denmark,236,8865,324,2255,3984,1565,0,19,744,12782,0,0,0,0
Denmark,2017,Denmark,180,6206,279,2017,5365,1607,0,18,751,14780,0,0,0,0
Denmark,2018,Denmark,193,6567,264,2072,5031,1565,0,15,953,13902,0,0,0,0
Denmark,2019,Denmark,122,3310,242,2102,4989,1753,0,17,963,16150,0,0,0,0
Denmark,2020,Denmark,121,3062,263,1184,4973,1718,0,16,1181,16353,0,0,0,0
Estonia,1990,Estonia,911,14784,1440,957,0,0,0,0,0,0,0,0,0,0
Estonia,1991,Estonia,894,12385,1271,971,0,0,0,0,0,0,0,0,0,0
Estonia,1992,Estonia,834,11014,529,287,0,0,0,1,0,0,0,0,0,0
Estonia,1993,Estonia,825,8366,620,130,0,0,0,1,0,0,0,0,0,0
Estonia,1994,Estonia,1188,8799,130,220,0,0,0,3,0,0,0,0,0,0
Estonia,1995,Estonia,1240,8318,103,264,6,0,0,2,0,0,0,0,0,0
Estonia,1996,Estonia,1215,8702,100,294,5,0,0,2,0,0,0,0,0,0
Estonia,1997,Estonia,1178,8771,178,258,8,0,0,3,0,0,0,0,0,0
Estonia,1998,Estonia,1141,7980,259,266,12,0,0,4,0,0,0,0,0,0
Estonia,1999,Estonia,1137,7726,297,229,12,0,0,4,0,0,0,0,0,0
Estonia,2000,Estonia,1076,7843,56,596,13,0,0,5,0,0,0,0,0,0
Estonia,2001,Estonia,1035,7826,40,599,11,0,0,7,0,0,0,0,0,0
Estonia,2002,Estonia,1016,7941,27,529,23,0,0,6,0,1,0,0,0,0
Estonia,2003,Estonia,995,9566,40,504,30,0,0,13,0,6,0,0,0,0
Estonia,2004,Estonia,1006,9715,42,487,30,0,0,22,0,8,0,0,0,0
Estonia,2005,Estonia,1003,9518,32,544,35,0,0,22,0,54,0,0,0,0
Estonia,2006,Estonia,974,9033,30,539,40,0,0,14,0,76,0,0,0,0
Estonia,2007,Estonia,1017,11667,34,344,33,0,0,21,0,91,0,0,0,0
Estonia,2008,Estonia,990,9924,37,423,36,0,0,28,0,133,0,0,0,0
Estonia,2009,Estonia,959,8085,45,108,314,0,0,32,0,195,0,0,0,0
Estonia,2010,Estonia,957,11576,41,303,740,0,0,27,0,277,0,0,0,0
Estonia,2011,Estonia,967,11421,43,250,781,0,0,30,0,368,0,0,0,0
Estonia,2012,Estonia,908,10306,58,126,1001,0,0,42,0,434,0,0,0,0
Estonia,2013,Estonia,956,11774,132,89,665,60,0,26,0,529,0,0,0,0
Estonia,2014,Estonia,962,10872,43,69,758,73,0,27,0,604,0,0,0,0
Estonia,2015,Estonia,951,8400,57,62,760,128,0,27,0,715,0,0,0,0
Estonia,2016,Estonia,918,10189,255,74,885,129,0,35,10,594,0,0,0,0
Estonia,2017,Estonia,906,11035,120,63,1038,141,0,26,14,723,0,0,0,0
Estonia,2018,Estonia,877,10138,83,58,1261,143,0,15,31,636,0,0,0,0
Estonia,2019,Estonia,736,5343,28,38,1299,128,0,19,74,687,0,0,0,0
Estonia,2020,Estonia,621,2984,22,27,1456,149,0,31,119,844,0,0,0,0
EU-27,1990,EU-27,501,843741,189523,187563,11385,7567,729114,301519,15,769,3226,212,503,0
EU-27,1991,EU-27,490,840340,203900,182525,11886,8400,3749292,315577,20,1085,3187,155,517,0
EU-27,1992,EU-27,478,811501,211708,172558,12373,9023,750516,329216,28,1517,3464,537,516,0
EU-27,1993,EU-27,459,788531,197664,179118,13621,9399,772820,334808,32,2137,3671,584,494,0
EU-27,1994,EU-27,456,800809,200275,191759,14473,10673,770442,344257,38,3151,3450,566,501,0
EU-27,1995,EU-27,445,816889,213006,204622,16451,11575,791857,346647,47,3617,3478,718,507,0
EU-27,1996,EU-27,432,835321,209115,230469,15525,13438,831214,350540,51,4388,3811,654,491,0
EU-27,1997,EU-27,420,810355,204013,250781,19460,14507,839476,353613,61,6693,3956,1005,510,0
EU-27,1998,EU-27,420,819891,210935,275122,21661,16285,833365,367473,83,10396,4272,1029,522,0
EU-27,1999,EU-27,410,803741,196613,313873,21538,15768,848251,367247,84,13353,4483,934,515,0
EU-27,2000,EU-27,394,845518,172850,331582,23640,18100,859930,379103,113,21276,4804,1330,507,0
EU-27,2001,EU-27,388,841692,168918,354282,24764,21436,888912,401998,181,25738,4629,1344,485,0
EU-27,2002,EU-27,394,861897,181254,372732,29430,21224,902348,345682,266,35061,4776,1413,494,0
EU-27,2003,EU-27,391,901427,166816,420292,34965,17682,907174,335722,15,43307,5448,3600,490,0
EU-27,2004,EU-27,380,886458,143653,461325,43909,19385,928438,355268,701,57526,5536,6781,470,0
EU-27,2005,EU-27,379,859756,137425,515570,50414,22431,916081,340547,1464,68088,5398,10288,481,0
EU-27,2006,EU-27,377,868169,130043,543030,58229,24787,914426,342889,2509,78658,5629,6117,464,0
EU-27,2007,EU-27,386,885935,109435,574381,65133,27560,872249,338891,3813,99860,5788,4979,465,8
EU-27,2008,EU-27,364,809659,101545,613884,74157,28883,884729,354877,7546,113113,5748,4621,465,16
EU-27,2009,EU-27,350,743359,92937,565815,83481,29704,824912,357687,14234,124321,5562,3942,448,103
EU-27,2010,EU-27,335,754863,81999,590110,96528,32945,854470,401267,22320,139175,5619,4357,476,761
EU-27,2011,EU-27,342,777203,74594,558169,102562,34860,837769,332850,46088,164586,5956,4738,477,1959
EU-27,2012,EU-27,339,791527,72566,484107,116234,34947,811961,359553,66811,187052,5831,4731,458,3775
EU-27,2013,EU-27,322,777714,63208,415075,121883,35486,806223,396651,79348,209462,6040,4709,414,4770
EU-27,2014,EU-27,313,740909,60515,357023,126421,37267,812550,398612,88793,222281,6315,4925,481,5455
EU-27,2015,EU-27,314,751011,63296,396339,131340,37558,786676,363242,95333,263135,6629,6203,487,5593
EU-27,2016,EU-27,303,706064,61989,466351,132716,39280,767958,372711,95495,266795,6749,6147,501,5579
EU-27,2017,EU-27,302,686728,58679,525244,134901,39733,759382,322475,102139,312206,6728,6423,522,5883
EU-27,2018,EU-27,289,642188,55169,490627,136280,41090,761942,370256,110455,320532,6667,5016,480,4867
EU-27,2019,EU-27,255,490762,51953,568474,140871,40575,765518,345268,119906,367240,6738,4907,479,5683
EU-27,2020,EU-27,229,386607,47696,566475,140069,40058,683183,373286,140243,396960,6711,4415,482,4992
Finland,1990,Finland,195,12812,1679,4655,5156,0,19216,10859,0,0,0,0,0,0
Finland,1991,Finland,175,14255,1069,4954,4999,0,19511,13197,1,0,0,0,0,0
Finland,1992,Finland,167,11835,1391,5179,4950,0,19260,15107,1,2,0,0,0,0
Finland,1993,Finland,199,14756,1402,5554,5958,0,19928,13476,1,4,0,0,0,0
Finland,1994,Finland,258,19803,1711,6430,6465,0,19427,11787,1,7,0,0,0,0
Finland,1995,Finland,238,17193,1447,6634,6608,0,19216,12925,1,11,0,0,0,0
Finland,1996,Finland,286,22048,1322,8512,5889,254,19476,11860,1,11,0,0,0,0
Finland,1997,Finland,254,19579,1378,6884,7891,290,20894,12242,1,17,0,0,0,0
Finland,1998,Finland,205,13531,1193,8823,9333,359,21853,15051,1,23,0,0,0,0
Finland,1999,Finland,204,14492,928,9537,8363,333,22974,12780,1,49,0,0,0,0
Finland,2000,Finland,159,13137,587,10131,8532,180,22479,14660,2,78,0,190,0,0
Finland,2001,Finland,204,17515,664,11690,8120,267,22773,13205,2,70,0,180,0,0
Finland,2002,Finland,227,19949,893,11625,8843,271,22295,10776,2,64,0,237,0,0
Finland,2003,Finland,287,27285,969,13848,9196,364,22731,9591,2,93,0,247,0,0
Finland,2004,Finland,234,23677,615,12747,10211,430,22716,15070,2,120,0,257,0,0
Finland,2005,Finland,147,11688,500,11231,9245,442,23271,13784,3,170,0,248,0,0
Finland,2006,Finland,245,23751,481,12323,10590,358,22906,11494,3,156,0,250,0,0
Finland,2007,Finland,220,22054,469,10557,9666,455,23423,14177,4,188,0,252,0,0
Finland,2008,Finland,161,14413,653,11029,10109,465,22958,17112,4,261,0,428,0,0
Finland,2009,Finland,176,15988,535,9793,8442,513,23526,12686,4,277,0,295,0,0
Finland,2010,Finland,215,21414,484,11259,10675,513,22800,12922,5,294,0,308,0,0
Finland,2011,Finland,173,15749,416,9444,10976,498,23187,12445,5,481,0,300,0,0
Finland,2012,Finland,124,11721,312,6726,10867,570,22987,16859,6,494,0,319,0,0
Finland,2013,Finland,158,14371,234,6788,11616,735,23606,12838,6,774,0,289,0,0
Finland,2014,Finland,138,11818,236,5521,11318,819,23580,13397,8,1107,0,290,0,0
Finland,2015,Finland,99,8787,212,5195,10949,856,23245,16769,11,2327,0,248,0,0
Finland,2016,Finland,103,10509,200,3738,11004,948,23203,15799,22,3068,0,266,0,0
Finland,2017,Finland,93,9214,184,3300,11304,1029,22477,14772,40,4795,0,401,0,0
Finland,2018,Finland,107,10069,265,4194,12247,1184,22793,13301,90,5839,0,281,0,0
Finland,2019,Finland,84,7966,306,3851,12681,1119,23870,12413,147,6025,0,264,0,0
Finland,2020,Finland,64,5489,266,3702,10996,892,23291,15856,256,7938,0,260,0,0
France,1990,France,206,35423,8668,3027,1188,444,314081,57418,0,0,0,0,503,0
France,1991,France,173,43204,14084,3054,1358,454,3331340,61545,0,0,0,0,517,0
France,1992,France,174,37732,9319,3185,1378,480,338445,72584,0,0,0,0,516,0
France,1993,France,161,24749,6091,3496,1221,518,368188,67948,0,2,0,0,494,0
France,1994,France,148,24143,5617,3625,1386,540,359981,81069,0,5,0,0,501,0
France,1995,France,134,26556,7749,3840,1451,742,377231,76192,1,5,0,0,507,0
France,1996,France,134,30966,7790,4122,1465,934,397340,70282,1,7,0,0,491,0
France,1997,France,131,25863,7727,4900,1615,1100,395483,67559,2,11,0,0,510,0
France,1998,France,156,37312,11651,4975,1560,1142,387990,66103,2,19,0,0,522,0
France,1999,France,112,33112,9952,7701,1516,1644,394244,77083,2,37,0,0,515,0
France,2000,France,63,30860,7165,11514,1398,2162,415162,71133,5,48,0,0,507,0
France,2001,France,43,23901,5958,15146,1382,2934,421076,78511,6,131,0,0,485,0
France,2002,France,53,26991,5767,18369,1506,3074,436760,65831,7,265,0,0,494,0
France,2003,France,59,29266,7096,19368,1580,3294,441070,64279,8,388,0,0,490,0
France,2004,France,55,27235,6528,21049,1595,3434,448241,64899,8,595,0,0,470,0
France,2005,France,83,30705,7925,23069,1734,3314,451529,56332,11,962,0,0,481,0
France,2006,France,76,26404,7133,21760,1772,3210,450191,61742,12,2182,0,0,464,0
France,2007,France,91,28197,6163,21987,1975,3600,439730,63259,18,4070,0,304,465,0
France,2008,France,81,26434,5343,21884,2108,3781,439447,68368,42,5694,0,241,465,0
France,2009,France,79,24019,4712,20503,2110,4104,409736,61966,174,7912,0,241,448,0
France,2010,France,78,26315,5521,23758,2468,4003,428521,67526,620,9945,0,135,476,0
France,2011,France,72,19877,7446,29489,2962,4260,442388,50894,2334,12372,62,547,477,0
France,2012,France,78,24131,7285,22753,3151,4402,425406,64761,4428,15178,57,749,458,0
France,2013,France,75,26344,6390,18393,3558,4359,423685,77073,5194,16127,90,809,414,0
France,2014,France,57,13833,6424,13163,3902,4348,436479,69571,6392,17324,83,712,481,0
France,2015,France,60,14557,6674,21143,4500,4306,437428,60513,7754,21421,92,715,487,0
France,2016,France,66,12246,6856,34967,5400,4500,403195,65686,8660,21381,98,565,501,0
France,2017,France,75,15198,6979,40500,5576,4624,398359,55135,9586,24609,133,720,522,0
France,2018,France,63,10543,5718,30612,6176,4599,412942,70472,10891,28599,127,628,480,0
France,2019,France,63,5873,5914,39314,6471,4575,399012,61573,12225,34722,128,558,479,0
France,2020,France,60,5067,5266,35203,6496,4461,353833,66708,13579,40704,128,508,482,0
Germany,1990,Germany,664,321641,10397,40460,376,4810,152468,19791,1,71,0,0,0,0
Germany,1991,Germany,668,316920,14740,36107,655,5068,147229,18699,1,215,0,0,0,0
Germany,1992,Germany,640,304857,13217,32889,781,5432,158804,21195,4,291,0,0,0,0
Germany,1993,Germany,631,299795,10091,34547,762,5434,153276,21667,3,674,0,0,0,0
Germany,1994,Germany,626,296888,8774,40251,758,6466,150703,23885,7,1428,0,0,0,0
Germany,1995,Germany,610,296365,8983,43180,1085,6611,153091,26250,7,1712,0,0,0,0
Germany,1996,Germany,580,302663,7966,48018,1161,6820,160016,26638,12,2078,0,0,0,0
Germany,1997,Germany,566,292411,6866,49728,1256,7013,170328,20900,18,3034,0,0,0,0
Germany,1998,Germany,569,298945,6376,53830,1440,8296,161644,21234,35,4593,0,0,0,0
Germany,1999,Germany,550,288170,5845,55063,1772,6479,170004,23402,30,5528,0,0,0,0
Germany,2000,Germany,558,304162,4785,52495,2487,7634,169606,25962,60,9352,0,0,0,0
Germany,2001,Germany,573,301647,4758,58430,2731,9710,171305,27253,116,10456,0,0,0,0
Germany,2002,Germany,558,306593,4322,54511,3360,9158,164842,27864,188,15856,0,0,0,0
Germany,2003,Germany,499,314555,10110,64002,6710,4478,165060,22897,313,19087,0,2043,0,0
Germany,2004,Germany,510,308383,10584,64172,8382,4506,167065,26460,557,26019,0,1941,0,0
Germany,2005,Germany,510,297753,11998,73960,11456,6504,163055,26417,1282,27774,0,2915,0,0
Germany,2006,Germany,504,298419,10955,76759,15034,7804,167269,26791,2220,31324,0,3539,0,0
Germany,2007,Germany,520,308291,10007,79593,20095,9044,140534,28084,3075,40507,0,2122,0,0
Germany,2008,Germany,490,285439,9679,90283,23345,9699,148495,26469,4420,41385,18,1989,0,0
Germany,2009,Germany,486,260253,10069,82118,26563,9946,134932,24681,6583,39420,19,1885,0,0
Germany,2010,Germany,471,273457,8471,90352,29176,11099,140556,27353,11729,38547,28,2082,0,0
Germany,2011,Germany,477,272381,7163,87229,32135,11156,107971,23512,19599,49858,19,2100,0,0
Germany,2012,Germany,483,286113,7627,77603,38253,11504,99460,27850,26380,51680,25,1819,0,0
Germany,2013,Germany,489,299010,7198,68737,40098,11994,97290,28782,31010,52737,80,1765,0,0
Germany,2014,Germany,478,284910,5657,62271,42218,13503,97129,25444,36056,58497,98,2023,0,0
Germany,2015,Germany,448,283710,6209,63017,44558,12824,91786,24898,38726,80624,133,1824,0,0
Germany,2016,Germany,445,273196,5846,82294,44999,13261,84634,26134,38098,79924,175,1888,0,0
Germany,2017,Germany,412,252823,5571,87685,44960,13247,76324,26155,39401,105693,163,1701,0,0
Germany,2018,Germany,406,238974,5816,83425,44738,13229,76005,23863,45784,109951,178,1567,0,0
Germany,2019,Germany,347,181807,4776,90798,44415,12557,75071,25671,46392,125894,197,1487,0,0
Germany,2020,Germany,314,148164,4907,99564,44751,12394,64382,24877,50600,130965,217,1174,0,0
Greece,1990,Greece,1189,25166,7746,92,0,0,0,1997,0,2,0,0,0,0
Greece,1991,Greece,1131,23702,8847,93,0,0,0,3171,0,2,0,0,0,0
Greece,1992,Greece,1153,26612,8186,79,0,1,0,2389,0,8,0,0,0,0
Greece,1993,Greece,1119,27795,7837,84,0,1,0,2541,0,47,0,0,0,0
Greece,1994,Greece,1101,29578,8011,80,0,1,0,2842,0,37,0,0,0,0
Greece,1995,Greece,1042,28697,8860,75,0,1,0,3782,0,34,0,0,0,0
Greece,1996,Greece,991,29298,8534,78,0,115,0,4504,0,38,0,0,0,0
Greece,1997,Greece,1046,30629,8299,333,0,113,0,4096,0,36,0,0,0,0
Greece,1998,Greece,1034,32442,8078,1713,0,160,0,3866,0,70,0,0,0,0
Greece,1999,Greece,979,32381,8157,3907,0,1,0,4829,0,162,0,0,0,0
Greece,2000,Greece,975,34313,8885,5920,0,163,0,4111,0,451,0,0,0,0
Greece,2001,Greece,984,35431,8477,6133,79,103,0,2725,0,756,0,0,0,0
Greece,2002,Greece,956,34566,8633,7061,126,108,0,3463,0,651,0,0,0,0
Greece,2003,Greece,914,35170,8707,7995,105,141,0,5332,0,1021,0,0,0,0
Greece,2004,Greece,920,35380,8385,8991,124,139,0,5205,1,1121,0,0,0,0
Greece,2005,Greece,915,35543,9207,8171,122,100,0,5610,1,1266,0,0,0,0
Greece,2006,Greece,854,32264,9601,10610,114,25,0,6475,1,1699,0,0,0,0
Greece,2007,Greece,880,34676,9642,13774,184,25,0,3376,1,1818,0,0,0,0
Greece,2008,Greece,870,33356,9990,13797,191,19,0,4149,5,2242,0,0,0,0
Greece,2009,Greece,854,34188,7679,11023,218,19,0,5645,50,2543,0,0,0,0
Greece,2010,Greece,875,30797,6089,9830,190,129,0,7485,158,2714,0,0,0,0
Greece,2011,Greece,883,31063,5915,13938,207,113,0,4275,610,3315,0,0,0,0
Greece,2012,Greece,869,31119,6080,13361,204,60,0,4591,1694,3850,0,0,0,0
Greece,2013,Greece,808,26406,5414,10860,216,85,0,6384,3648,4139,0,0,0,0
Greece,2014,Greece,846,25746,5544,6776,220,100,0,4607,3792,3689,0,0,0,0
Greece,2015,Greece,739,22107,5663,9090,231,112,0,6150,3900,4621,0,0,0,0
Greece,2016,Greece,622,18883,5565,14868,275,207,0,5565,3930,5146,0,0,0,0
Greece,2017,Greece,657,18765,5510,17113,310,0,0,4040,3991,5537,0,0,0,0
Greece,2018,Greece,654,17185,5547,14080,314,286,0,5760,3791,6300,0,0,0,0
Greece,2019,Greece,606,12124,5569,14496,402,290,0,4051,4429,7266,0,0,0,0
Greece,2020,Greece,454,5978,4606,18041,331,230,0,3445,4358,9321,0,0,0,0
Hungary,1990,Hungary,437,8669,1351,4473,0,34,13731,178,0,0,0,0,0,0
Hungary,1991,Hungary,445,8142,2827,5026,0,48,13726,194,0,0,0,0,0,0
Hungary,1992,Hungary,475,9276,3992,4204,0,91,13964,158,0,0,0,0,0,0
Hungary,1993,Hungary,473,9170,5622,4084,0,77,13796,166,0,0,0,0,0,0
Hungary,1994,Hungary,470,8858,5523,4834,0,90,14049,161,0,0,0,0,0,0
Hungary,1995,Hungary,476,9230,5284,5212,8,95,14026,163,0,0,0,0,0,0
Hungary,1996,Hungary,474,9727,4512,6373,8,83,14180,207,0,0,0,0,0,0
Hungary,1997,Hungary,471,9512,5861,5745,10,85,13968,216,0,0,0,0,0,0
Hungary,1998,Hungary,462,9692,5963,7319,7,105,13949,155,0,0,0,0,0,0
Hungary,1999,Hungary,467,10306,5309,7820,9,111,14096,181,0,0,0,0,0,0
Hungary,2000,Hungary,460,9707,4404,6602,10,110,14180,178,0,0,0,0,0,0
Hungary,2001,Hungary,445,8923,4192,8861,14,112,14126,186,0,1,0,0,0,0
Hungary,2002,Hungary,434,9063,2137,10738,12,59,13953,194,0,1,0,0,0,0
Hungary,2003,Hungary,480,9254,1626,11883,127,67,11013,171,0,4,0,0,0,0
Hungary,2004,Hungary,439,8339,773,11719,699,52,11915,205,0,6,0,0,0,0
Hungary,2005,Hungary,363,7146,445,12379,1599,131,13834,202,0,10,0,0,0,0
Hungary,2006,Hungary,366,7092,521,13160,1170,226,13461,186,0,43,0,0,0,0
Hungary,2007,Hungary,364,7487,535,15232,1422,287,14677,210,0,110,0,0,0,0
Hungary,2008,Hungary,353,7205,355,15176,1829,223,14818,213,1,205,0,0,0,0
Hungary,2009,Hungary,310,6415,633,10422,2222,230,15426,228,1,331,0,0,0,0
Hungary,2010,Hungary,306,6350,490,11598,2152,297,15761,188,1,534,0,0,0,0
Hungary,2011,Hungary,315,6609,144,10738,1740,254,15685,222,1,626,0,0,0,0
Hungary,2012,Hungary,320,6492,185,9401,1544,229,15793,213,8,770,0,0,0,0
Hungary,2013,Hungary,288,6384,78,5541,1696,237,15370,213,25,718,0,32,0,0
Hungary,2014,Hungary,273,6114,76,4240,1989,254,15649,301,67,657,0,55,0,0
Hungary,2015,Hungary,274,5908,77,5108,1953,348,15834,234,141,693,0,63,0,0
Hungary,2016,Hungary,263,5758,63,6479,1826,457,16054,259,244,684,0,78,0,0
Hungary,2017,Hungary,264,5098,85,7838,1994,362,16098,220,349,758,1,82,0,0
Hungary,2018,Hungary,249,4834,90,7255,2135,383,15733,222,629,607,12,139,0,0
Hungary,2019,Hungary,226,4184,70,8566,2087,385,16288,219,1497,729,18,111,0,0
Hungary,2020,Hungary,215,3841,42,9077,1986,407,16055,244,2450,655,16,151,0,0
Iceland,1990,Iceland,3,0,6,0,0,0,0,4204,0,0,300,0,0,0
Iceland,1991,Iceland,3,0,7,0,0,0,0,4204,0,0,283,0,0,0
Iceland,1992,Iceland,3,0,6,0,0,0,0,4310,0,0,230,0,0,0
Iceland,1993,Iceland,2,0,5,0,0,0,0,4466,0,0,256,0,0,0
Iceland,1994,Iceland,2,0,9,0,0,0,0,4515,0,0,260,0,0,0
Iceland,1995,Iceland,2,0,5,0,0,0,0,4682,0,0,290,0,0,0
Iceland,1996,Iceland,1,0,5,0,0,0,0,4722,0,0,346,0,0,0
Iceland,1997,Iceland,1,0,4,0,0,0,0,5207,0,0,375,0,0,0
Iceland,1998,Iceland,0,0,5,0,0,0,0,5621,0,0,655,0,0,0
Iceland,1999,Iceland,0,0,5,0,0,0,0,6047,0,0,1136,0,0,0
Iceland,2000,Iceland,1,0,5,0,0,0,0,6356,0,0,1323,0,0,0
Iceland,2001,Iceland,0,0,4,0,0,0,0,6578,0,0,1451,0,0,0
Iceland,2002,Iceland,0,0,6,0,0,0,0,6977,0,0,1433,0,0,0
Iceland,2003,Iceland,0,0,6,0,0,0,0,7088,0,0,1406,0,0,0
Iceland,2004,Iceland,0,0,4,0,2,0,0,7134,0,0,1483,0,0,0
Iceland,2005,Iceland,0,0,5,0,4,0,0,7019,0,0,1658,0,0,0
Iceland,2006,Iceland,1,0,4,0,1,1,0,7293,0,0,2631,0,0,0
Iceland,2007,Iceland,1,0,2,0,0,2,0,8394,0,0,3579,0,0,0
Iceland,2008,Iceland,0,0,2,0,0,0,0,12427,0,0,4038,0,0,0
Iceland,2009,Iceland,0,0,2,0,0,0,0,12279,0,0,4553,0,0,0
Iceland,2010,Iceland,0,0,2,0,0,0,0,12592,0,0,4465,0,0,0
Iceland,2011,Iceland,0,0,2,0,0,0,0,12507,0,0,4702,0,0,0
Iceland,2012,Iceland,0,0,3,0,0,0,0,12337,0,0,5209,0,0,0
Iceland,2013,Iceland,0,0,5,0,0,0,0,12863,0,3,5245,0,0,0
Iceland,2014,Iceland,0,0,3,0,0,0,0,12873,0,8,5239,0,0,0
Iceland,2015,Iceland,0,0,4,0,0,0,0,13871,0,11,5003,0,0,0
Iceland,2016,Iceland,0,0,3,0,0,0,0,13470,0,9,5068,0,0,0
Iceland,2017,Iceland,0,0,2,0,0,0,0,14059,0,8,5170,0,0,0
Iceland,2018,Iceland,0,0,2,0,0,0,0,13814,0,4,6010,0,0,0
Iceland,2019,Iceland,0,0,3,0,0,0,0,13461,0,7,6018,0,0,0
Iceland,2020,Iceland,0,0,3,0,0,0,0,13160,0,7,5961,0,0,0
Ireland,1990,Ireland,769,8163,1428,3941,0,0,0,983,0,0,0,0,0,0
Ireland,1991,Ireland,768,8000,2432,3752,0,0,0,964,0,0,0,0,0,0
Ireland,1992,Ireland,768,8838,2472,3648,0,0,0,1050,0,5,0,0,0,0
Ireland,1993,Ireland,752,8493,2341,4535,0,0,0,1012,0,15,0,0,0,0
Ireland,1994,Ireland,740,8597,2836,4456,0,0,0,1198,0,19,0,0,0,0
Ireland,1995,Ireland,748,9035,2680,5160,0,0,0,968,0,16,0,0,0,0
Ireland,1996,Ireland,734,9179,2687,6291,27,0,0,982,0,14,0,0,0,0
Ireland,1997,Ireland,739,8846,3465,6569,81,0,0,942,0,50,0,0,0,0
Ireland,1998,Ireland,716,8434,4849,6425,85,0,0,1189,0,169,0,0,0,0
Ireland,1999,Ireland,719,7514,6169,6958,91,0,0,1091,0,187,0,0,0,0
Ireland,2000,Ireland,674,8587,4638,9263,95,0,0,1151,0,244,0,0,0,0
Ireland,2001,Ireland,694,9255,5203,9147,97,0,0,920,0,334,0,0,0,0
Ireland,2002,Ireland,650,8903,3279,10829,82,0,0,1264,0,388,0,0,0,0
Ireland,2003,Ireland,618,8231,2454,13038,86,0,0,956,0,454,0,0,0,0
Ireland,2004,Ireland,595,7716,3211,12894,109,0,0,984,0,655,0,0,0,0
Ireland,2005,Ireland,601,8839,3340,11574,130,0,0,975,0,1112,0,0,0,0
Ireland,2006,Ireland,552,8022,2834,13785,128,0,0,1088,0,1622,0,0,0,0
Ireland,2007,Ireland,517,7599,1899,16058,177,0,0,1016,0,1958,0,0,0,0
Ireland,2008,Ireland,494,7896,1708,16716,217,0,0,1300,0,2410,0,0,0,0
Ireland,2009,Ireland,474,6633,918,16298,260,0,0,1257,0,2955,0,0,0,0
Ireland,2010,Ireland,485,5734,603,18111,314,0,0,776,0,2815,0,0,0,0
Ireland,2011,Ireland,456,6075,234,15432,336,0,0,707,1,4380,0,0,0,0
Ireland,2012,Ireland,488,7462,236,14139,376,116,0,1014,1,4010,0,0,0,0
Ireland,2013,Ireland,461,6564,189,13130,412,140,0,944,1,4542,0,0,0,0
Ireland,2014,Ireland,451,6453,258,12635,469,142,0,988,2,5140,0,0,0,0
Ireland,2015,Ireland,436,7393,407,12367,402,151,0,1095,3,6573,0,0,0,0
Ireland,2016,Ireland,429,7014,293,15328,603,149,0,973,6,6147,0,0,0,0
Ireland,2017,Ireland,399,5809,142,15680,585,310,0,895,11,7444,0,0,0,0
Ireland,2018,Ireland,353,4242,139,16014,518,632,0,932,17,8640,0,0,0,0
Ireland,2019,Ireland,315,2435,280,15096,532,615,0,1132,21,10019,0,0,0,0
Ireland,2020,Ireland,281,1630,393,16244,569,625,0,1224,64,11549,0,0,0,0
Italy,1990,Italy,562,35672,102719,39709,14,89,0,35079,4,2,3222,0,0,0
Italy,1991,Italy,536,32173,104287,36342,20,198,0,45606,5,3,3182,0,0,0
Italy,1992,Italy,525,25005,116020,35476,19,165,0,45786,9,2,3459,313,0,0
Italy,1993,Italy,518,20195,113919,39963,31,177,0,44482,11,4,3667,353,0,0
Italy,1994,Italy,512,22944,116312,40804,53,230,0,47731,11,7,3417,304,0,0
Italy,1995,Italy,542,27568,120800,46998,133,256,0,41907,13,9,3436,369,0,0
Italy,1996,Italy,521,25323,117088,50191,256,349,0,47072,14,33,3762,345,0,0
Italy,1997,Italy,512,24769,113312,61293,438,384,0,46552,15,118,3905,687,0,0
Italy,1998,Italy,513,27827,107305,70883,562,670,0,47365,16,231,4214,727,0,0
Italy,1999,Italy,495,28225,91379,86983,800,1023,0,51777,17,403,4403,657,0,0
Italy,2000,Italy,397,30524,85878,101360,992,916,0,50900,18,563,4705,786,0,0
Italy,2001,Italy,385,36775,75008,104188,1203,1383,0,53926,19,1179,4507,821,0,0
Italy,2002,Italy,408,40468,87764,99414,1996,1516,0,47262,21,1404,4662,769,0,0
Italy,2003,Italy,445,44117,75987,117300,2466,2027,0,44277,34,1458,5341,888,0,0
Italy,2004,Italy,417,50877,58891,129772,3082,2554,0,49908,39,1847,5437,950,0,0
Italy,2005,Italy,399,49419,47124,149262,3364,2790,0,42927,31,2344,5324,1116,0,0
Italy,2006,Italy,391,50438,45875,158079,3650,3096,0,43425,35,2971,5527,1027,0,0
Italy,2007,Italy,383,49735,35409,172646,3746,3209,0,38481,39,4034,5569,1021,0,0
Italy,2008,Italy,373,48591,31459,172699,4410,3255,0,47227,193,4861,5520,916,0,0
Italy,2009,Italy,355,43416,26020,147269,5940,3388,0,53443,676,6543,5342,603,0,0
Italy,2010,Italy,339,44434,21714,152738,7394,4191,0,54407,1096,9126,5376,777,0,0
Italy,2011,Italy,328,50139,19885,144548,8626,4513,0,47757,10796,9856,5654,808,0,0
Italy,2012,Italy,312,54110,18890,129058,10324,4429,0,43854,18862,13407,5592,751,0,0
Italy,2013,Italy,273,48493,15482,108875,14886,4499,0,54672,21589,14897,5659,753,0,0
Italy,2014,Italy,258,46524,14163,93637,16363,4822,0,60256,22306,15179,5916,661,0,0
Italy,2015,Italy,284,45388,13384,110860,17053,4771,0,46969,22942,14844,6185,595,0,0
Italy,2016,Italy,263,38403,12131,126148,17094,4918,0,44257,22104,17689,6289,736,0,0
Italy,2017,Italy,265,35096,11527,140349,16995,4857,0,38025,24378,17742,6201,661,0,0
Italy,2018,Italy,249,30596,11029,128538,16782,4825,0,50503,22654,17716,6105,601,0,0
Italy,2019,Italy,234,21253,10153,141687,17194,4797,0,48154,23689,20202,6075,650,0,0
Italy,2020,Italy,216,13064,9771,137649,17330,4838,0,48558,24942,18702,6029,604,0,0
Latvia,1990,Latvia,59,62,357,1733,0,0,0,4496,0,0,0,0,0,0
Latvia,1991,Latvia,113,59,499,1811,0,0,0,3275,0,0,0,0,0,0
Latvia,1992,Latvia,101,70,97,1146,0,0,0,2521,0,0,0,0,0,0
Latvia,1993,Latvia,104,79,409,560,0,0,0,2876,0,0,0,0,0,0
Latvia,1994,Latvia,104,78,745,312,0,0,0,3305,0,0,0,0,0,0
Latvia,1995,Latvia,104,98,418,526,0,0,0,2937,0,0,0,0,0,0
Latvia,1996,Latvia,167,97,644,524,0,0,0,1860,0,1,0,0,0,0
Latvia,1997,Latvia,111,104,201,1246,0,0,0,2953,0,2,0,0,0,0
Latvia,1998,Latvia,96,99,305,1075,0,0,0,4316,0,2,0,0,0,0
Latvia,1999,Latvia,115,37,358,955,0,0,0,2757,0,2,0,0,0,0
Latvia,2000,Latvia,117,78,107,1128,0,0,0,2819,0,4,0,0,0,0
Latvia,2001,Latvia,116,42,95,1304,3,0,0,2833,0,3,0,0,0,0
Latvia,2002,Latvia,123,38,139,1313,10,0,0,2464,0,11,0,0,0,0
Latvia,2003,Latvia,130,22,82,1533,24,0,0,2266,0,48,0,0,0,0
Latvia,2004,Latvia,92,0,60,1433,38,0,0,3109,0,49,0,0,0,0
Latvia,2005,Latvia,86,0,6,1486,41,0,0,3326,0,47,0,0,0,0
Latvia,2006,Latvia,109,0,5,2100,42,0,0,2698,0,46,0,0,0,0
Latvia,2007,Latvia,103,0,17,1925,42,0,0,2733,0,53,0,0,0,0
Latvia,2008,Latvia,111,0,2,2058,44,0,0,3109,0,59,0,0,0,0
Latvia,2009,Latvia,97,0,4,2007,49,0,0,3457,0,50,0,0,0,0
Latvia,2010,Latvia,121,0,2,2988,66,0,0,3521,0,49,0,0,0,0
Latvia,2011,Latvia,131,0,1,3014,119,0,0,2887,0,71,0,0,0,0
Latvia,2012,Latvia,90,0,1,2055,288,0,0,3707,0,114,0,0,0,0
Latvia,2013,Latvia,128,0,2,2670,502,0,0,2912,0,120,0,0,0,0
Latvia,2014,Latvia,127,0,0,2337,669,0,0,1994,0,140,0,0,0,0
Latvia,2015,Latvia,146,0,1,2756,769,0,0,1860,0,147,0,0,0,0
Latvia,2016,Latvia,129,0,0,2944,823,0,0,2530,0,128,0,0,0,0
Latvia,2017,Latvia,75,0,0,2069,931,0,0,4381,0,150,0,0,0,0
Latvia,2018,Latvia,146,0,0,3219,944,0,0,2432,0,122,0,0,0,0
Latvia,2019,Latvia,160,0,0,3246,927,0,0,2108,0,154,0,0,0,0
Latvia,2020,Latvia,113,0,0,2075,865,0,0,2603,0,177,0,0,0,0
Lithuania,1990,Lithuania,160,0,4151,6769,0,0,17033,414,0,0,0,38,0,0
Lithuania,1991,Lithuania,168,0,5701,6290,0,0,17000,338,0,0,0,34,0,0
Lithuania,1992,Lithuania,88,0,2321,1261,0,0,14638,470,0,0,0,17,0,0
Lithuania,1993,Lithuania,65,0,999,265,0,0,12260,580,0,0,0,17,0,0
Lithuania,1994,Lithuania,97,0,1244,331,0,0,7706,718,0,0,0,22,0,0
Lithuania,1995,Lithuania,55,0,1068,228,0,0,11822,752,0,0,0,29,0,0
Lithuania,1996,Lithuania,91,0,1284,655,0,0,13942,874,0,0,0,34,0,0
Lithuania,1997,Lithuania,47,0,1539,485,0,0,12024,770,0,0,0,44,0,0
Lithuania,1998,Lithuania,103,0,2852,278,0,0,13554,895,0,0,0,52,0,0
Lithuania,1999,Lithuania,110,0,1753,999,0,0,9862,862,0,0,0,60,0,0
Lithuania,2000,Lithuania,93,0,655,1616,0,0,8419,644,0,0,0,91,0,0
Lithuania,2001,Lithuania,79,0,720,1884,2,0,11362,701,0,0,0,68,0,0
Lithuania,2002,Lithuania,66,0,547,2109,4,0,14142,781,0,0,0,138,0,0
Lithuania,2003,Lithuania,60,0,327,2518,7,0,15484,985,0,0,0,167,0,0
Lithuania,2004,Lithuania,63,0,361,2691,6,0,15102,943,0,1,0,170,0,0
Lithuania,2005,Lithuania,98,0,401,3017,7,0,10337,820,0,2,0,200,0,0
Lithuania,2006,Lithuania,98,1,329,2464,24,0,8651,802,0,14,0,197,0,0
Lithuania,2007,Lithuania,92,12,408,2405,54,0,9833,958,0,106,0,231,0,0
Lithuania,2008,Lithuania,76,1,566,2026,69,0,9894,988,0,131,0,238,0,0
Lithuania,2009,Lithuania,78,0,735,2101,102,0,10852,1139,0,158,0,271,0,0
Lithuania,2010,Lithuania,308,0,647,3186,147,0,0,1295,0,224,0,250,0,0
Lithuania,2011,Lithuania,261,0,209,2668,157,0,0,1056,0,475,0,257,0,0
Lithuania,2012,Lithuania,269,0,240,2879,218,0,0,937,2,540,0,227,0,0
Lithuania,2013,Lithuania,199,0,206,2219,338,45,0,1069,45,603,0,237,0,0
Lithuania,2014,Lithuania,179,2,160,1749,371,72,0,1088,73,639,0,243,0,0
Lithuania,2015,Lithuania,186,0,275,1979,404,103,0,1024,73,810,0,265,0,0
Lithuania,2016,Lithuania,143,0,221,986,392,151,0,1044,66,1136,0,270,0,0
Lithuania,2017,Lithuania,84,0,139,598,430,157,0,1181,68,1364,0,250,0,0
Lithuania,2018,Lithuania,54,0,131,330,495,133,0,960,87,1144,0,232,0,0
Lithuania,2019,Lithuania,72,0,68,524,485,134,0,948,91,1499,0,223,0,0
Lithuania,2020,Lithuania,165,0,123,1698,523,206,0,1080,129,1552,0,207,0,0
Luxembourg,1990,Luxembourg,431,477,9,34,0,34,0,823,0,0,0,0,0,0
Luxembourg,1991,Luxembourg,462,525,26,28,0,38,0,798,0,0,0,0,0,0
Luxembourg,1992,Luxembourg,528,472,56,30,0,32,0,608,0,0,0,0,0,0
Luxembourg,1993,Luxembourg,578,503,38,23,0,40,0,463,0,0,0,0,0,0
Luxembourg,1994,Luxembourg,438,385,15,50,0,41,0,656,0,0,0,0,0,0
Luxembourg,1995,Luxembourg,956,189,5,152,0,53,0,831,0,0,0,0,0,0
Luxembourg,1996,Luxembourg,929,133,17,188,0,42,0,876,0,0,0,0,0,0
Luxembourg,1997,Luxembourg,494,84,13,177,0,46,0,937,0,3,0,0,0,0
Luxembourg,1998,Luxembourg,345,0,0,195,0,45,0,1044,0,11,0,0,0,0
Luxembourg,1999,Luxembourg,464,0,0,204,1,52,0,747,0,18,0,0,0,0
Luxembourg,2000,Luxembourg,93,0,0,215,5,51,0,871,0,25,0,0,0,0
Luxembourg,2001,Luxembourg,164,0,0,666,8,51,0,871,0,24,0,0,0,0
Luxembourg,2002,Luxembourg,274,0,0,2624,9,52,0,989,0,24,0,0,0,0
Luxembourg,2003,Luxembourg,247,0,1,2619,15,48,0,911,1,26,0,0,0,0
Luxembourg,2004,Luxembourg,267,0,1,3152,20,56,0,854,9,39,0,0,0,0
Luxembourg,2005,Luxembourg,263,0,1,3106,27,48,0,877,18,52,0,0,0,0
Luxembourg,2006,Luxembourg,264,0,1,3247,33,57,0,917,21,58,0,0,0,0
Luxembourg,2007,Luxembourg,263,0,1,2895,37,66,0,918,21,64,0,0,0,0
Luxembourg,2008,Luxembourg,234,0,1,2402,44,65,0,965,20,61,0,0,0,0
Luxembourg,2009,Luxembourg,275,0,0,2842,53,66,0,833,20,63,0,0,0,0
Luxembourg,2010,Luxembourg,228,0,0,2916,56,75,0,1468,21,55,0,0,0,0
Luxembourg,2011,Luxembourg,230,0,0,2341,55,100,0,1131,26,64,0,0,0,0
Luxembourg,2012,Luxembourg,238,0,0,2388,58,96,0,1159,38,77,0,0,0,0
Luxembourg,2013,Luxembourg,189,0,0,1421,58,95,0,1158,74,83,0,0,0,0
Luxembourg,2014,Luxembourg,198,0,0,1451,82,89,0,1168,95,80,0,0,0,0
Luxembourg,2015,Luxembourg,137,0,0,838,86,106,0,1531,104,102,0,0,0,0
Luxembourg,2016,Luxembourg,71,0,0,258,98,112,0,1528,100,101,0,0,0,0
Luxembourg,2017,Luxembourg,64,0,0,221,125,124,0,1422,108,235,0,0,0,0
Luxembourg,2018,Luxembourg,65,0,0,195,171,124,0,1337,120,255,0,0,0,0
Luxembourg,2019,Luxembourg,73,0,0,192,230,125,0,949,130,281,0,0,0,0
Luxembourg,2020,Luxembourg,61,0,0,175,330,115,0,1094,178,338,0,0,0,0
Malta,1990,Malta,1605,615,485,0,0,0,0,0,0,0,0,0,0,0
Malta,1991,Malta,1131,590,829,0,0,0,0,0,0,0,0,0,0,0
Malta,1992,Malta,1035,560,930,0,0,0,0,0,0,0,0,0,0,0
Malta,1993,Malta,1407,600,900,0,0,0,0,0,0,0,0,0,0,0
Malta,1994,Malta,1179,359,1182,0,0,0,0,0,0,0,0,0,0,0
Malta,1995,Malta,978,90,1542,0,0,0,0,0,0,0,0,0,0,0
Malta,1996,Malta,997,0,1658,0,0,0,0,0,0,0,0,0,0,0
Malta,1997,Malta,959,0,1686,0,0,0,0,0,0,0,0,0,0,0
Malta,1998,Malta,954,0,1721,0,0,0,0,0,0,0,0,0,0,0
Malta,1999,Malta,925,0,1854,0,0,0,0,0,0,0,0,0,0,0
Malta,2000,Malta,839,0,1917,0,0,0,0,0,0,0,0,0,0,0
Malta,2001,Malta,1004,0,1943,0,0,0,0,0,0,0,0,0,0,0
Malta,2002,Malta,957,0,2052,0,0,0,0,0,0,0,0,0,0,0
Malta,2003,Malta,969,0,2236,0,0,0,0,0,0,0,0,0,0,0
Malta,2004,Malta,935,0,2216,0,0,0,0,0,0,0,0,0,0,0
Malta,2005,Malta,884,0,2240,0,0,0,0,0,0,0,0,0,0,0
Malta,2006,Malta,885,0,2261,0,0,0,0,0,0,0,0,0,0,0
Malta,2007,Malta,887,0,2296,0,0,0,0,0,0,0,0,0,0,0
Malta,2008,Malta,862,0,2312,0,0,0,0,0,0,0,0,0,0,0
Malta,2009,Malta,863,0,2168,0,0,0,0,0,0,0,0,0,0,0
Malta,2010,Malta,884,0,2113,0,0,0,0,0,1,0,0,0,0,0
Malta,2011,Malta,879,0,2169,0,5,0,0,0,5,0,0,0,0,0
Malta,2012,Malta,883,0,2268,0,8,0,0,0,17,0,0,0,0,0
Malta,2013,Malta,731,0,2216,0,6,0,0,0,29,0,0,0,0,0
Malta,2014,Malta,715,0,2170,0,7,0,0,0,68,0,0,0,0,0
Malta,2015,Malta,654,0,1203,0,7,0,0,0,95,0,0,0,0,0
Malta,2016,Malta,653,0,721,0,8,0,0,0,128,0,0,0,0,0
Malta,2017,Malta,435,0,193,1287,10,0,0,0,162,0,0,0,0,0
Malta,2018,Malta,356,0,18,1745,9,0,0,0,189,0,0,0,0,0
Malta,2019,Malta,359,0,30,1828,6,0,0,0,212,0,0,0,0,0
Malta,2020,Malta,378,0,60,1841,6,0,0,0,233,0,0,0,0,0
Netherlands,1990,Netherlands,612,27499,3064,36529,126,933,3502,85,0,56,0,174,0,0
Netherlands,1991,Netherlands,589,25242,3304,41015,155,1026,3329,104,1,88,0,121,0,0
Netherlands,1992,Netherlands,577,25216,3155,43462,160,989,3800,120,1,147,0,207,0,0
Netherlands,1993,Netherlands,581,24248,3026,44121,206,1129,3948,92,1,174,0,214,0,0
Netherlands,1994,Netherlands,589,27007,3331,43541,257,1207,3967,100,1,238,0,217,0,0
Netherlands,1995,Netherlands,553,30022,2814,42011,295,1303,4018,88,2,317,0,286,0,0
Netherlands,1996,Netherlands,525,28453,2824,47075,344,1812,4160,80,2,437,0,236,0,0
Netherlands,1997,Netherlands,520,27362,2823,50661,337,2125,2408,92,3,475,0,236,0,0
Netherlands,1998,Netherlands,506,29576,3013,51065,384,2295,3814,112,4,640,0,212,0,0
Netherlands,1999,Netherlands,501,25068,2871,51155,506,2460,3832,90,5,645,0,178,0,0
Netherlands,2000,Netherlands,494,27114,2641,51522,720,2481,3926,142,8,829,0,247,0,0
Netherlands,2001,Netherlands,520,28521,2646,53771,1134,2419,3976,117,12,825,0,242,0,0
Netherlands,2002,Netherlands,501,28988,2363,55280,1694,2441,3915,110,16,947,0,227,0,0
Netherlands,2003,Netherlands,509,29742,2493,55020,1337,2569,4018,72,25,1320,0,221,0,0
Netherlands,2004,Netherlands,499,28135,2431,59987,2129,2507,3822,95,34,1871,0,203,0,0
Netherlands,2005,Netherlands,486,26928,2262,57599,3991,2694,3997,88,35,2067,0,262,0,0
Netherlands,2006,Netherlands,482,26508,2095,57142,3861,2733,3469,106,37,2734,0,147,0,0
Netherlands,2007,Netherlands,487,28466,2219,61010,2605,2907,4200,107,38,3438,0,175,0,0
Netherlands,2008,Netherlands,480,26814,2065,63359,3721,2875,4169,102,40,4260,0,148,0,0
Netherlands,2009,Netherlands,447,26607,1487,68872,4539,3083,4248,98,45,4581,0,130,0,0
Netherlands,2010,Netherlands,442,25800,1253,75333,5729,3327,3969,105,56,3993,0,154,0,0
Netherlands,2011,Netherlands,430,24738,1406,69475,5024,3767,4141,57,104,5100,0,148,0,0
Netherlands,2012,Netherlands,456,27313,1059,56564,4969,3991,3915,104,191,4982,0,147,0,0
Netherlands,2013,Netherlands,471,27539,1203,56070,3879,3774,2891,114,410,5627,0,123,0,0
Netherlands,2014,Netherlands,449,32420,1906,51522,3104,3534,4091,112,725,5797,0,145,0,0
Netherlands,2015,Netherlands,505,42247,1314,45819,2940,3602,4078,93,1109,7550,0,1481,0,0
Netherlands,2016,Netherlands,486,39464,1268,52606,2900,3713,3960,100,1602,8170,0,1385,0,0
Netherlands,2017,Netherlands,463,34035,1179,57866,2696,3592,3402,61,2208,10569,0,1612,0,0
Netherlands,2018,Netherlands,439,30298,1291,57493,2399,4177,3515,72,3709,10549,0,599,0,0
Netherlands,2019,Netherlands,390,20066,1411,70483,3733,3928,3910,74,5335,11508,0,614,0,0
Netherlands,2020,Netherlands,333,10057,1346,72413,6625,4063,4087,46,7989,15339,0,512,0,0
Norway,1990,Norway,1,82,6,0,184,58,0,121382,0,0,0,136,0,0
Norway,1991,Norway,1,87,7,0,181,56,0,110580,0,0,0,98,0,0
Norway,1992,Norway,1,94,0,0,206,42,0,117062,0,0,0,99,0,0
Norway,1993,Norway,1,89,0,10,211,63,0,119622,0,7,0,105,0,0
Norway,1994,Norway,2,99,0,154,241,57,0,112676,0,9,0,120,0,0
Norway,1995,Norway,1,85,0,188,265,48,0,112487,0,10,0,116,0,0
Norway,1996,Norway,2,91,0,280,274,57,0,104148,0,9,0,125,0,0
Norway,1997,Norway,2,80,0,236,215,51,0,110938,0,11,0,118,0,0
Norway,1998,Norway,1,79,7,222,244,52,0,116280,0,11,0,113,0,0
Norway,1999,Norway,1,93,10,280,243,59,0,112882,0,25,0,135,0,0
Norway,2000,Norway,1,72,9,211,226,60,0,142289,0,31,0,84,0,0
Norway,2001,Norway,2,95,9,239,197,135,0,121026,0,27,0,162,0,0
Norway,2002,Norway,2,133,22,198,216,100,0,129837,0,75,0,124,0,0
Norway,2003,Norway,2,130,31,299,263,164,0,106084,0,218,0,84,0,0
Norway,2004,Norway,3,106,28,374,297,152,0,109291,0,252,0,117,0,0
Norway,2005,Norway,2,132,23,375,290,92,0,136452,0,499,0,146,0,0
Norway,2006,Norway,3,137,29,471,333,116,0,119729,0,636,0,131,0,0
Norway,2007,Norway,6,137,35,764,327,126,0,134736,0,892,0,175,0,0
Norway,2008,Norway,3,133,33,440,339,125,0,139981,0,913,0,170,0,0
Norway,2009,Norway,53,98,30,4234,177,105,0,126077,0,977,0,75,0,0
Norway,2010,Norway,22,135,98,4799,257,195,0,117152,0,879,0,126,0,0
Norway,2011,Norway,24,141,375,3710,259,160,0,121553,0,1283,0,58,0,0
Norway,2012,Norway,22,167,431,2237,212,228,0,142810,0,1548,0,30,0,0
Norway,2013,Norway,23,150,423,2065,192,408,0,128699,0,1881,0,254,0,0
Norway,2014,Norway,23,157,409,2221,48,420,0,136185,0,2217,0,313,0,0
Norway,2015,Norway,23,151,417,2205,38,436,0,138450,0,2515,0,334,0,0
Norway,2016,Norway,21,146,422,2208,41,384,0,143417,0,2116,0,308,0,0
Norway,2017,Norway,22,186,489,2060,45,410,0,143112,0,2854,0,324,0,0
Norway,2018,Norway,21,178,436,2180,33,342,0,139509,2,3876,0,334,0,0
Norway,2019,Norway,20,163,341,2055,39,412,0,126404,13,5536,0,328,0,0
Norway,2020,Norway,13,181,219,1312,29,405,0,141593,27,9911,0,289,0,0
Poland,1990,Poland,1263,131045,1570,125,55,203,0,3313,0,0,0,0,0,0
Poland,1991,Poland,1236,129230,1528,107,83,355,0,3411,0,0,0,0,0,0
Poland,1992,Poland,1199,127199,1457,100,111,313,0,3570,0,0,0,0,0,0
Poland,1993,Poland,1132,128257,1572,97,61,304,0,3576,0,0,0,0,0,0
Poland,1994,Poland,1131,129371,1686,147,51,306,0,3786,0,0,0,0,0,0
Poland,1995,Poland,984,133009,1523,258,67,297,0,3851,0,1,0,0,0,0
Poland,1996,Poland,971,136764,1772,323,133,271,0,3910,0,0,0,0,0,0
Poland,1997,Poland,962,136253,1901,215,169,434,0,3816,0,2,0,0,0,0
Poland,1998,Poland,938,135993,1902,313,220,30,0,4327,0,4,0,0,0,0
Poland,1999,Poland,935,135108,1891,620,193,30,0,4282,0,4,0,0,0,0
Poland,2000,Poland,926,137921,1916,928,221,77,0,4116,0,5,0,0,0,0
Poland,2001,Poland,918,137107,2398,1358,444,75,0,4220,0,14,0,0,0,0
Poland,2002,Poland,917,135005,2376,2198,427,153,0,3906,0,61,0,0,0,0
Poland,2003,Poland,929,142848,2456,2450,455,30,0,3293,0,124,0,0,0,0
Poland,2004,Poland,906,142897,2914,3225,983,33,0,3691,0,142,0,274,0,0
Poland,2005,Poland,891,143245,2757,5165,1511,41,0,3778,0,135,0,304,0,0
Poland,2006,Poland,905,148627,2908,4580,1993,40,0,3020,0,256,0,318,0,0
Poland,2007,Poland,893,145785,2794,4483,2556,18,0,2939,0,522,0,251,0,0
Poland,2008,Poland,877,140612,2726,4679,3619,19,0,2747,0,837,0,66,0,0
Poland,2009,Poland,857,134873,2723,4787,5226,25,0,2974,0,1077,0,35,0,0
Poland,2010,Poland,850,138383,2892,4798,6304,45,0,3488,0,1664,0,83,0,0
Poland,2011,Poland,852,141571,2453,5821,7601,31,0,2761,0,3205,0,105,0,0
Poland,2012,Poland,828,136416,2045,6260,10094,30,0,2465,1,4747,0,81,0,0
Poland,2013,Poland,828,139758,1782,5270,8623,34,0,2997,1,6004,0,111,0,0
Poland,2014,Poland,816,131551,1594,5328,9977,50,0,2734,7,7676,0,142,0,0
Poland,2015,Poland,792,132962,2118,6387,9936,75,0,2435,57,10858,0,116,0,0
Poland,2016,Poland,786,132933,2302,7831,7943,225,0,2622,124,12588,0,67,0,0
Poland,2017,Poland,778,133439,2021,10035,6407,394,0,3044,165,14909,0,62,0,0
Poland,2018,Poland,784,133008,1800,12634,6463,523,0,2387,300,12799,0,125,0,0
Poland,2019,Poland,744,120542,1769,14797,7578,673,0,2665,711,15107,0,237,0,0
Poland,2020,Poland,710,109423,1894,16791,8110,661,0,2936,1990,15800,0,328,0,0
Portugal,1990,Portugal,520,9104,9399,0,689,0,0,9303,1,1,4,0,0,0
Portugal,1991,Portugal,526,9811,10070,0,808,0,0,9176,1,1,5,0,0,0
Portugal,1992,Portugal,621,10256,13866,0,882,0,0,5074,1,4,5,0,0,0
Portugal,1993,Portugal,544,11548,10094,0,901,0,0,8373,1,11,4,0,0,0
Portugal,1994,Portugal,506,11647,8048,0,934,0,0,10702,1,17,33,0,0,0
Portugal,1995,Portugal,574,13456,10308,0,988,0,0,8454,1,16,42,0,0,0
Portugal,1996,Portugal,437,12593,6040,0,960,0,0,14857,1,21,49,0,0,0
Portugal,1997,Portugal,467,13041,6776,89,1037,0,0,13175,1,38,51,0,0,0
Portugal,1998,Portugal,475,12055,10687,2018,1022,0,0,13054,1,89,58,0,0,0
Portugal,1999,Portugal,577,15131,11009,8074,1081,157,0,7631,1,123,80,0,0,0
Portugal,2000,Portugal,484,14688,8421,7138,1039,514,0,11715,1,168,80,0,0,0
Portugal,2001,Portugal,461,13622,9338,7212,1089,511,0,14375,1,256,105,0,0,0
Portugal,2002,Portugal,539,15212,11407,9037,1211,523,0,8257,2,362,96,0,0,0
Portugal,2003,Portugal,439,14527,6273,7740,1115,554,0,16054,3,496,90,0,0,0
Portugal,2004,Portugal,484,14858,5698,11689,1279,532,0,10147,3,816,84,0,0,0
Portugal,2005,Portugal,535,15226,8791,13606,1386,601,0,5118,3,1773,71,0,0,0
Portugal,2006,Portugal,450,14958,5247,12343,1412,599,0,11467,5,2925,85,0,0,0
Portugal,2007,Portugal,421,12398,4870,13124,1588,561,0,10449,24,4037,201,0,0,0
Portugal,2008,Portugal,416,11196,4148,15199,1572,570,0,7298,41,5757,192,0,0,0
Portugal,2009,Portugal,393,12896,3285,14712,1796,588,0,9009,160,7577,184,0,0,0
Portugal,2010,Portugal,280,7100,3008,14900,2326,616,0,16547,211,9182,197,3,0,0
Portugal,2011,Portugal,333,9848,2684,14916,2628,617,0,12114,280,9161,210,4,0,0
Portugal,2012,Portugal,397,13087,2190,10670,2705,499,0,6661,393,10259,146,5,0,0
Portugal,2013,Portugal,318,11838,1698,7228,2765,580,0,14868,479,12014,197,4,0,0
Portugal,2014,Portugal,299,11952,1357,6834,2808,490,0,16412,627,12111,205,7,0,0
Portugal,2015,Portugal,364,14727,1312,10562,2812,592,0,9800,796,11607,204,8,0,0
Portugal,2016,Portugal,296,12630,1300,12582,2766,625,0,16909,871,12474,172,0,0,0
Portugal,2017,Portugal,362,14666,1280,18895,2860,644,0,7632,992,12248,217,0,0,0
Portugal,2018,Portugal,310,12006,1122,15612,2829,586,0,13628,1006,12617,230,0,0,0
Portugal,2019,Portugal,255,5533,1253,17263,3014,624,0,10243,1342,13667,215,0,0,0
Portugal,2020,Portugal,203,2392,1162,18034,3456,582,0,13988,1682,12263,217,0,0,0
Romania,1990,Romania,771,18502,11823,22573,0,0,0,11411,0,0,0,0,0,0
Romania,1991,Romania,906,15613,6134,20468,0,0,0,14588,0,0,0,0,0,0
Romania,1992,Romania,588,18522,4446,19470,2,55,0,11700,0,0,0,0,0,0
Romania,1993,Romania,668,19208,5434,17997,1,68,0,12768,0,0,0,0,0,0
Romania,1994,Romania,658,19738,5786,16566,0,0,0,13046,0,0,0,0,0,0
Romania,1995,Romania,585,20800,5799,15971,0,3,0,16693,0,0,0,0,0,0
Romania,1996,Romania,591,20793,6703,16713,0,0,1386,15755,0,0,0,0,0,0
Romania,1997,Romania,464,17281,6863,10084,11,0,5400,17509,0,0,0,0,0,0
Romania,1998,Romania,407,14994,4140,10165,11,0,5307,18879,0,0,0,0,0,0
Romania,1999,Romania,401,14930,3855,8437,0,0,5198,18290,0,0,0,0,0,0
Romania,2000,Romania,457,19300,3399,9001,0,0,5456,14778,0,0,0,0,0,0
Romania,2001,Romania,456,20019,5405,8073,0,0,5466,14923,0,0,0,0,0,0
Romania,2002,Romania,448,20629,3578,8966,3,0,5513,16046,0,0,0,0,0,0
Romania,2003,Romania,515,23643,3633,9696,3,0,4906,13259,0,0,0,0,0,0
Romania,2004,Romania,445,21773,2199,10462,4,0,5548,16513,0,0,0,0,0,0
Romania,2005,Romania,391,22138,1894,9612,6,1,5555,20207,0,0,0,0,0,0
Romania,2006,Romania,414,25268,1606,11831,4,0,5632,18356,0,0,0,0,0,0
Romania,2007,Romania,497,25305,1096,11559,35,0,7709,15966,0,3,0,0,0,0
Romania,2008,Romania,511,25882,700,9924,24,0,11226,17195,0,5,0,0,0,0
Romania,2009,Romania,403,21773,1031,7632,10,0,11752,15807,0,9,0,0,0,0
Romania,2010,Romania,325,20742,692,7262,111,0,11623,20243,0,306,0,0,0,0
Romania,2011,Romania,405,24803,769,8365,198,0,11747,14946,1,1388,0,0,0,0
Romania,2012,Romania,461,22912,751,8719,212,0,11466,12337,8,2640,0,0,0,0
Romania,2013,Romania,296,16954,560,9255,252,0,11618,15308,420,4520,0,0,0,0
Romania,2014,Romania,268,17808,486,8104,505,0,11676,19280,1616,6201,0,0,0,0
Romania,2015,Romania,295,18220,474,9386,524,0,11640,17007,1982,7063,0,0,0,0
Romania,2016,Romania,315,15981,704,9655,531,0,11286,18536,1820,6590,0,0,0,0
Romania,2017,Romania,332,16857,633,10656,525,0,11509,14853,1856,7407,0,0,0,0
Romania,2018,Romania,320,15752,599,10521,437,0,11377,18097,1771,6322,0,0,0,0
Romania,2019,Romania,293,13730,598,8954,504,0,11280,16006,1778,6773,0,0,0,0
Romania,2020,Romania,255,9581,174,10046,444,0,11466,15701,1733,6945,0,0,0,0
Slovakia,1990,Slovakia,466,8123,1635,1823,0,0,12036,2515,0,0,0,0,0,0
Slovakia,1991,Slovakia,411,6551,2490,2123,0,0,11689,1894,0,0,0,0,0,0
Slovakia,1992,Slovakia,345,7799,1576,870,0,0,11050,2332,0,0,0,0,0,0
Slovakia,1993,Slovakia,206,6353,1558,1178,0,2,11486,3865,0,0,0,0,0,0
Slovakia,1994,Slovakia,192,5364,958,2186,0,0,12595,4609,0,0,0,0,0,0
Slovakia,1995,Slovakia,195,6990,740,2381,0,0,11437,5226,0,0,0,0,0,0
Slovakia,1996,Slovakia,209,6418,1219,2341,0,0,11249,4533,0,0,0,0,0,0
Slovakia,1997,Slovakia,209,6865,716,2332,0,3,11073,4358,0,0,0,0,0,0
Slovakia,1998,Slovakia,208,6477,1231,2351,0,12,11394,4567,0,0,0,0,0,0
Slovakia,1999,Slovakia,220,7091,338,3054,0,31,13117,4776,0,0,0,0,0,0
Slovakia,2000,Slovakia,210,6111,202,3344,0,32,16494,4975,0,0,0,0,0,0
Slovakia,2001,Slovakia,217,6257,690,2699,154,6,17103,5117,0,0,0,20,0,0
Slovakia,2002,Slovakia,203,5598,704,2511,152,6,17953,5483,0,0,0,20,0,0
Slovakia,2003,Slovakia,220,6403,708,2396,86,27,17864,3672,0,2,0,20,0,0
Slovakia,2004,Slovakia,217,6115,737,2421,5,30,17026,4207,0,6,0,20,0,0
Slovakia,2005,Slovakia,194,5980,741,2184,9,47,17727,4741,0,6,0,20,0,0
Slovakia,2006,Slovakia,185,5729,722,1910,375,48,18012,4566,0,6,0,50,0,0
Slovakia,2007,Slovakia,186,5223,710,1617,453,46,15334,4615,0,8,0,50,0,0
Slovakia,2008,Slovakia,189,5149,681,1607,495,40,16703,4241,0,7,0,39,0,0
Slovakia,2009,Slovakia,167,4276,626,1970,515,38,14081,4604,0,6,0,39,0,0
Slovakia,2010,Slovakia,142,4080,600,2206,640,46,14574,5649,17,6,0,40,0,0
Slovakia,2011,Slovakia,152,4038,586,3150,795,50,15411,4146,397,5,0,78,0,0
Slovakia,2012,Slovakia,150,3906,506,2853,914,52,15495,4439,424,6,0,69,0,0
Slovakia,2013,Slovakia,131,3526,429,2393,890,45,15720,5166,588,6,0,69,0,0
Slovakia,2014,Slovakia,118,3356,302,1619,1395,47,15499,4462,597,6,0,118,0,0
Slovakia,2015,Slovakia,126,3332,384,1604,1640,48,15146,4137,506,6,0,100,0,0
Slovakia,2016,Slovakia,118,3268,470,1524,1705,48,14774,4606,533,6,0,130,0,0
Slovakia,2017,Slovakia,113,3540,439,1667,1674,47,15081,4623,506,6,0,155,0,0
Slovakia,2018,Slovakia,136,3584,459,1857,1609,33,14843,3879,585,6,0,116,0,0
Slovakia,2019,Slovakia,121,2705,457,3070,1664,57,15282,4571,589,6,0,33,0,0
Slovakia,2020,Slovakia,105,2121,426,3618,1509,38,15417,4739,656,4,0,62,0,0
Slovenia,1990,Slovenia,471,3890,980,2,0,0,4622,2950,0,0,0,0,0,0
Slovenia,1991,Slovenia,367,3622,560,2,0,0,4952,3608,0,0,0,0,0,0
Slovenia,1992,Slovenia,431,4639,309,2,0,0,3971,3423,0,0,0,0,0,0
Slovenia,1993,Slovenia,424,4692,261,2,0,0,3956,3035,0,0,0,0,0,0
Slovenia,1994,Slovenia,392,4614,271,2,0,0,4609,3399,0,0,0,0,0,0
Slovenia,1995,Slovenia,398,4604,263,15,0,0,4779,3252,0,0,0,0,0,0
Slovenia,1996,Slovenia,360,4464,265,8,0,0,4647,3673,0,0,0,0,0,0
Slovenia,1997,Slovenia,379,4706,349,10,0,0,5019,3092,0,0,0,0,0,0
Slovenia,1998,Slovenia,391,4984,144,109,0,0,5042,3449,0,0,0,0,0,0
Slovenia,1999,Slovenia,344,4480,142,172,31,0,4696,3741,0,0,0,0,0,0
Slovenia,2000,Slovenia,354,4611,55,293,70,0,4761,3834,0,0,0,0,0,0
Slovenia,2001,Slovenia,384,4919,126,296,72,0,5257,3796,0,0,0,0,0,0
Slovenia,2002,Slovenia,389,5302,66,288,102,0,5528,3312,0,0,0,0,0,0
Slovenia,2003,Slovenia,385,5108,50,370,122,6,5207,2957,0,0,0,0,0,0
Slovenia,2004,Slovenia,363,5191,43,358,121,5,5459,4094,0,0,0,0,0,0
Slovenia,2005,Slovenia,355,5271,42,339,114,6,5884,3461,0,0,0,0,0,0
Slovenia,2006,Slovenia,368,5436,52,371,112,5,5548,3591,0,0,0,0,0,0
Slovenia,2007,Slovenia,392,5482,29,453,113,5,5695,3266,0,0,0,0,0,0
Slovenia,2008,Slovenia,347,5323,16,476,289,3,6273,4018,1,0,0,0,0,0
Slovenia,2009,Slovenia,334,5132,28,593,188,4,5739,4715,4,0,0,0,0,0
Slovenia,2010,Slovenia,334,5288,8,548,218,5,5657,4703,13,0,0,0,0,0
Slovenia,2011,Slovenia,344,5307,16,489,253,8,6215,3706,65,0,0,0,0,0
Slovenia,2012,Slovenia,335,5145,9,531,267,6,5528,4087,163,0,0,0,0,0
Slovenia,2013,Slovenia,312,4876,7,509,262,7,5300,4923,215,4,0,0,0,0
Slovenia,2014,Slovenia,218,3759,42,374,258,7,6370,6366,257,4,0,0,0,0
Slovenia,2015,Slovenia,257,4385,17,404,267,8,5648,4091,274,6,0,0,0,0
Slovenia,2016,Slovenia,257,5010,11,420,281,8,5715,4782,267,6,0,0,0,0
Slovenia,2017,Slovenia,255,4824,14,473,290,9,6285,4141,284,6,0,0,0,0
Slovenia,2018,Slovenia,242,4622,18,478,267,10,5776,4893,255,6,0,0,0,0
Slovenia,2019,Slovenia,238,4483,11,533,251,10,5821,4683,303,6,0,0,0,0
Slovenia,2020,Slovenia,220,4363,12,579,276,11,6353,5224,368,6,0,0,0,0
Spain,1990,Spain,449,60633,8604,1509,462,210,54268,26184,9,14,0,0,0,0
Spain,1991,Spain,444,59715,10156,1361,462,210,55578,28293,11,15,0,0,0,0
Spain,1992,Spain,485,65140,14329,1711,489,222,55782,20934,12,103,0,0,0,0
Spain,1993,Spain,458,63388,9544,1196,493,213,56060,25779,13,116,0,0,0,0
Spain,1994,Spain,450,62613,10509,3229,524,293,55313,29182,15,175,0,0,0,0
Spain,1995,Spain,496,67079,14623,3750,815,509,55455,24569,20,270,0,0,0,0
Spain,1996,Spain,388,54670,13920,6767,820,696,56330,40874,18,364,0,0,0,0
Spain,1997,Spain,428,64976,14103,18174,1097,991,55298,36002,19,742,0,0,0,0
Spain,1998,Spain,425,64166,17499,16212,1157,1009,58993,35806,22,1352,0,0,0,0
Spain,1999,Spain,501,75436,24445,19058,1265,985,58852,25437,25,2744,0,0,0,0
Spain,2000,Spain,467,80858,22578,20178,1159,941,62206,31807,14,4727,0,0,0,0
Spain,2001,Spain,417,71734,24632,23358,1297,667,63708,43864,17,6759,0,0,0,0
Spain,2002,Spain,469,82457,28593,32386,2303,566,63016,26270,18,9342,0,0,0,0
Spain,2003,Spain,413,75955,24002,39368,2853,661,61875,43897,20,12075,0,0,0,0
Spain,2004,Spain,423,80323,23839,55460,3039,582,63606,34439,24,15700,0,2963,0,0
Spain,2005,Spain,440,80767,24420,79011,2202,902,57539,23025,48,21176,0,4994,0,0
Spain,2006,Spain,398,67978,23829,90570,2173,1202,60126,29831,125,23297,0,329,0,0
Spain,2007,Spain,411,74085,18508,94799,2161,1474,55103,30522,507,27568,0,324,0,8
Spain,2008,Spain,348,49973,18002,120798,2473,1564,58973,26144,2562,32946,0,307,0,16
Spain,2009,Spain,318,36938,19242,107746,2727,1522,52761,29162,5961,38117,0,341,0,103
Spain,2010,Spain,257,26323,16562,94851,3356,1318,61990,45511,6425,44271,0,159,0,761
Spain,2011,Spain,320,45126,14692,85508,3814,1590,57718,32911,7440,42918,0,171,0,1959
Spain,2012,Spain,333,55991,15321,73308,4262,1430,61470,24162,8193,49472,0,175,0,3775
Spain,2013,Spain,270,41332,13763,57536,5116,1364,56726,41052,8326,55646,0,0,0,4770
Spain,2014,Spain,280,45295,14121,47273,4728,1372,57305,42970,8218,52013,0,0,0,5455
Spain,2015,Spain,319,52676,17241,52498,4996,1536,57196,31368,8266,49325,0,216,0,5593
Spain,2016,Spain,267,37453,16921,52820,4954,1470,58633,39865,8064,48905,0,108,0,5579
Spain,2017,Spain,306,46349,15766,64037,5306,1544,58039,21070,8514,49127,0,91,0,5883
Spain,2018,Spain,276,38716,14498,58004,5156,1775,55766,36803,7877,50896,0,94,0,4867
Spain,2019,Spain,215,13982,12883,83703,4802,1755,58349,26874,9420,55647,0,139,0,5683
Spain,2020,Spain,177,5980,11136,69388,4958,1716,58279,33880,15552,56273,0,134,0,4992
Sweden,1990,Sweden,10,1589,1301,395,1902,103,68185,73033,0,6,0,0,0,0
Sweden,1991,Sweden,15,2544,1990,505,1819,102,76761,63662,0,13,0,0,0,0
Sweden,1992,Sweden,18,2677,2625,654,1968,105,63544,74861,0,31,0,0,0,0
Sweden,1993,Sweden,21,2965,3114,837,2128,108,61395,75216,1,48,0,0,0,0
Sweden,1994,Sweden,25,3236,4130,722,2193,90,73156,59453,1,72,0,0,0,0
Sweden,1995,Sweden,22,3116,3949,667,2308,116,69935,68160,1,99,0,0,0,0
Sweden,1996,Sweden,47,4481,7221,574,2068,124,74274,51775,1,144,0,0,0,0
Sweden,1997,Sweden,20,2841,3732,610,2735,100,69928,69099,1,203,0,0,0,0
Sweden,1998,Sweden,21,3051,3366,431,2714,328,73583,75040,1,317,0,0,0,0
Sweden,1999,Sweden,21,3179,3141,398,2645,237,73188,71713,1,358,0,0,0,0
Sweden,2000,Sweden,17,2536,1533,462,4002,340,57316,78619,1,457,0,0,0,0
Sweden,2001,Sweden,19,3250,2310,361,3687,334,72109,79082,2,482,0,0,0,0
Sweden,2002,Sweden,24,3715,2955,510,4063,376,68111,66395,2,608,0,0,0,0
Sweden,2003,Sweden,37,4336,3871,700,4368,468,67415,53598,2,679,0,0,0,0
Sweden,2004,Sweden,21,2510,1954,749,6708,1291,77486,60178,2,860,0,0,0,0
Sweden,2005,Sweden,17,1926,1379,585,6967,1390,72377,72874,2,935,0,0,0,0
Sweden,2006,Sweden,19,1991,1669,582,7791,1564,66977,61856,2,984,0,0,0,0
Sweden,2007,Sweden,17,1705,1077,824,8727,1929,66969,66262,3,1426,0,0,0,0
Sweden,2008,Sweden,17,2235,873,603,9068,2157,63889,69211,4,1998,0,0,0,0
Sweden,2009,Sweden,17,1600,730,1548,10412,1797,52173,65977,7,2491,0,0,0,0
Sweden,2010,Sweden,23,2675,1774,2877,10476,2921,57828,66501,9,3487,0,0,0,0
Sweden,2011,Sweden,16,2058,791,1549,9676,3182,60475,66556,11,6107,0,0,0,0
Sweden,2012,Sweden,11,1392,648,892,10532,2819,64037,79058,19,7164,0,0,0,0
Sweden,2013,Sweden,11,1445,411,837,9748,2895,66457,61496,35,9842,0,0,0,0
Sweden,2014,Sweden,9,1098,300,413,9070,2751,64877,63872,47,11235,0,0,0,0
Sweden,2015,Sweden,10,1261,252,425,9016,2952,56348,75439,97,16322,0,0,0,0
Sweden,2016,Sweden,10,1051,398,623,9806,3272,63101,62137,143,15479,0,0,0,0
Sweden,2017,Sweden,10,1229,290,271,10298,3459,65696,65168,230,17609,0,0,0,0
Sweden,2018,Sweden,11,1406,307,376,10257,3225,68549,62250,407,16623,0,0,0,0
Sweden,2019,Sweden,10,1183,217,284,11269,3437,66310,65393,679,19847,0,0,0,0
Sweden,2020,Sweden,8,1783,337,108,7670,3437,48916,71806,1035,27526,0,0,0,0
Turkey,1990,Turkey,662,20181,3942,10192,38,0,0,23148,0,0,80,0,0,0
Turkey,1991,Turkey,659,21561,3294,12589,47,0,0,22683,0,0,81,0,0,0
Turkey,1992,Turkey,661,24571,5723,10813,56,0,0,26568,0,0,70,0,0,0
Turkey,1993,Turkey,612,23761,5174,10788,51,0,0,33951,0,0,78,0,0,0
Turkey,1994,Turkey,659,28235,5548,13822,51,0,0,30586,0,0,79,0,0,0
Turkey,1995,Turkey,616,28047,5572,16579,222,0,0,35541,0,0,86,0,0,0
Turkey,1996,Turkey,605,30413,6540,17174,176,0,0,40475,0,0,84,0,0,0
Turkey,1997,Turkey,623,33860,7157,22086,294,0,0,39816,0,0,83,0,0,0
Turkey,1998,Turkey,653,35688,7923,24851,241,0,0,42229,0,5,85,0,0,0
Turkey,1999,Turkey,675,37031,8079,36418,133,0,0,34677,0,21,81,0,0,0
Turkey,2000,Turkey,689,38187,9311,46216,166,8,0,30879,0,33,76,0,46,0
Turkey,2001,Turkey,729,38416,10367,49550,184,4,0,24010,0,62,90,0,42,0
Turkey,2002,Turkey,661,32149,10744,52497,130,4,0,33683,0,48,105,0,40,0
Turkey,2003,Turkey,613,32252,9197,63536,79,6,0,35330,0,61,89,0,31,0
Turkey,2004,Turkey,583,34480,7670,62241,76,7,0,46084,0,58,93,0,21,0
Turkey,2005,Turkey,596,43192,5483,73445,34,10,0,39561,0,59,94,0,78,0
Turkey,2006,Turkey,563,46650,4340,80691,57,15,0,44244,0,127,94,0,81,0
Turkey,2007,Turkey,609,53431,6256,95025,95,14,0,35851,0,355,156,0,105,0
Turkey,2008,Turkey,620,57716,7519,98685,142,12,0,33270,0,847,162,0,65,0
Turkey,2009,Turkey,634,55684,4804,96095,252,12,0,35958,0,1495,436,0,76,0
Turkey,2010,Turkey,547,55047,2180,98144,332,14,0,51796,0,2916,668,0,111,0
Turkey,2011,Turkey,554,66217,904,104048,343,20,0,52338,0,4723,694,0,106,0
Turkey,2012,Turkey,535,68013,1639,104499,592,17,0,57865,0,5860,899,0,112,0
Turkey,2013,Turkey,519,63786,1739,105116,879,15,0,59420,0,7557,1364,0,278,0
Turkey,2014,Turkey,553,76263,2145,120576,1083,12,0,40645,17,8520,2364,0,338,0
Turkey,2015,Turkey,542,76166,2224,99218,1241,22,0,67146,194,11652,3425,0,495,0
Turkey,2016,Turkey,555,92273,1926,89227,1635,24,0,67231,1043,11517,4819,0,713,0
Turkey,2017,Turkey,543,97476,1200,110490,2096,28,0,58218,2889,17904,6127,0,848,0
Turkey,2018,Turkey,536,113249,329,92483,2638,35,0,59938,7800,19949,7341,0,950,0
Turkey,2019,Turkey,510,112894,336,57288,3489,34,0,88823,9250,21731,8952,0,1101,0
Turkey,2020,Turkey,484,106269,323,69331,4390,30,0,78119,11265,24703,9929,0,1072,0
United Kingdom,1990,United Kingdom,681,206438,34676,4998,455,223,65749,7189,0,9,0,0,0,0
United Kingdom,1991,United Kingdom,667,211458,28116,5824,537,239,70543,6147,0,11,0,0,0,0
United Kingdom,1992,United Kingdom,638,193638,29809,12583,757,281,76807,7128,0,40,0,0,0,0
United Kingdom,1993,United Kingdom,577,171246,21143,34039,947,417,89353,5739,0,218,0,0,0,0
United Kingdom,1994,United Kingdom,548,161341,14837,53258,1070,800,88282,6557,0,342,0,0,0,0
United Kingdom,1995,United Kingdom,532,155206,17297,63739,1171,883,88964,6390,0,391,0,0,0,0
United Kingdom,1996,United Kingdom,518,147269,17185,84086,1315,906,94671,4949,0,488,0,0,0,0
United Kingdom,1997,United Kingdom,487,121973,10669,110963,1525,1068,98146,5655,0,667,0,0,0,0
United Kingdom,1998,United Kingdom,485,125101,9461,117799,1805,1432,99486,6742,0,877,0,0,0,0
United Kingdom,1999,United Kingdom,455,108341,8700,142902,2573,1414,95133,8238,1,850,0,0,0,0
United Kingdom,2000,United Kingdom,480,122300,8446,148077,3096,1359,85063,7780,1,947,0,0,0,0
United Kingdom,2001,United Kingdom,499,133048,5252,141905,3646,3400,90094,6478,2,965,0,0,0,0
United Kingdom,2002,United Kingdom,489,125681,4799,152276,4173,3772,87848,7439,3,1256,0,0,0,0
United Kingdom,2003,United Kingdom,501,139842,4594,148881,5138,3808,88686,5961,3,1285,0,0,0,0
United Kingdom,2004,United Kingdom,506,133268,4644,157065,6384,3136,79999,7492,4,1935,0,0,0,0
United Kingdom,2005,United Kingdom,497,136336,5339,152640,8140,3519,81618,7852,8,2904,0,0,0,0
United Kingdom,2006,United Kingdom,520,150480,6174,140828,8194,3474,75451,8446,11,4225,0,0,0,0
United Kingdom,2007,United Kingdom,508,137491,5049,165793,8135,3110,63028,8936,14,5274,0,0,0,0
United Kingdom,2008,United Kingdom,502,125770,6709,176219,8327,3039,52486,9230,17,7122,0,0,0,0
United Kingdom,2009,United Kingdom,456,104447,5995,166499,9206,3296,69098,8913,20,9281,0,0,1,0
United Kingdom,2010,United Kingdom,463,108730,4805,175654,10734,2939,62140,6741,40,10286,0,0,2,0
United Kingdom,2011,United Kingdom,446,109446,3119,146499,11810,3325,68980,8597,244,15963,0,0,1,0
United Kingdom,2012,United Kingdom,494,144087,2892,100170,12962,3882,70405,8276,1354,19847,0,0,4,0
United Kingdom,2013,United Kingdom,459,131678,2067,95843,16453,3625,70607,7605,2010,28397,0,0,5,0
United Kingdom,2014,United Kingdom,416,101645,1919,100893,20720,4389,63748,8771,4054,31959,0,0,2,0
United Kingdom,2015,United Kingdom,366,76963,2037,99875,27372,6132,70345,9037,7533,40275,0,0,2,0
United Kingdom,2016,United Kingdom,288,31435,1891,143356,27326,7599,71726,8330,10395,37159,0,0,0,0
United Kingdom,2017,United Kingdom,255,23284,1616,136746,28509,7586,70336,8754,11457,49641,0,0,4,0
United Kingdom,2018,United Kingdom,242,17606,1572,131490,31464,7716,65064,7942,12736,56906,0,0,9,0
United Kingdom,2019,United Kingdom,225,7666,1477,138585,33504,8469,56184,7691,12918,64335,0,0,14,0
,,,,,,,,,,,,,,,,
,,,,,,,,,,,,,,,,
Sources used:,,,,,,,,,,,,,,,,
https://www.eea.europa.eu/data-and-maps/daviz/co2-emission-intensity-10#tab-googlechartid_googlechartid_googlechartid_googlechartid_chart_11111,,,,,,,,,,,,,,,,
https://www.iea.org/regions/europe,,,,,,,,,,,,,,,,
